name,user_id,phone_number,order_id,brand,platfrom,reviews_date,address,rating
王明,qiang69,13813538112,72499317323964110133,苹苹电脑,拼多多,2020-08-22 08:14:56,湖南省马鞍山市永川辽阳路n座 589550,3
邓桂花,jing97,13393883093,99978576232914356442,苹苹电脑,京东,2020-09-30 13:45:49,海南省哈尔滨市吉区沈阳街K座 854819,3
邹勇,pingcheng,15035238134,19541677020406932985,华华电脑,苏宁易购,2020-07-01 04:07:22,广西壮族自治区桂芳市金平吴街B座 104656,3
李凯,gang59,13757905645,58987515582871661131,联联电脑,京东,2019-12-17 11:53:47,辽宁省北镇市西夏沈阳街p座 598460,1
文博,daiqiang,18216278316,8936891031867524132,苹苹电脑,拼多多,2020-05-06 16:13:28,湖北省淮安县东城魏街A座 527474,1
龚建华,shenming,13694078758,93201807930194505445,戴戴电脑,唯品会,2020-04-18 09:52:33,澳门特别行政区拉萨市南湖徐街N座 553311,5
郑东,minggu,18669732964,38221162805019994285,硕硕电脑,拼多多,2020-06-26 16:50:55,湖南省艳市高坪哈尔滨街H座 437771,5
程龙,sunjie,18937916873,85112179181031978234,戴戴电脑,苏宁易购,2020-01-05 01:09:41,云南省璐市清浦郑路W座 808564,4
卢秀华,fyu,18581588617,52467271488163308546,联联电脑,天猫,2020-01-22 22:58:44,上海市浩县高坪兰州街l座 724452,3
许伟,guiying50,13751400848,53818500275734552400,硕硕电脑,苏宁易购,2020-03-27 05:40:15,广西壮族自治区桂荣县翔安高路v座 455102,3
贺健,hyuan,15743455811,28703312046340450538,硕硕电脑,唯品会,2020-08-26 12:48:03,香港特别行政区芳县金平澳门路X座 989184,5
何倩,sunguiying,18560009017,37565597697386118154,苹苹电脑,天猫,2020-10-23 05:36:20,湖北省沈阳市璧山杨路l座 806386,5
许文,xia90,18271737789,38401646963786691411,戴戴电脑,苏宁易购,2020-06-11 18:45:08,河北省淑英县安次合肥路T座 922190,5
王涛,nazheng,13324074714,95414484474515688386,硕硕电脑,淘宝,2020-10-05 15:31:14,湖北省淮安县双滦关岭街K座 253530,3
葛娟,rhao,13040327311,71896170000699526699,联联电脑,天猫,2020-10-11 12:46:00,浙江省哈尔滨县白云张家港街m座 878077,1
童旭,yanjiang,18565782957,9733882049138683863,惠惠电脑,拼多多,2020-07-26 11:54:49,浙江省旭市山亭刘街y座 158085,5
陈红霞,weiwu,18579150771,61107553321972465178,苹苹电脑,天猫,2020-05-14 00:50:45,河北省兴安盟市上街姜路e座 845529,2
宋秀梅,yanping,18250513235,84437559235160960104,苹苹电脑,京东,2020-01-01 14:56:31,贵州省武汉县徐汇何街Y座 143505,1
程颖,yanxiang,13974066380,22826744754084543189,戴戴电脑,京东,2020-05-23 11:29:44,香港特别行政区杨市沈北新关岭街w座 661145,1
蓝秀芳,mincai,13888786284,36442929375840793009,惠惠电脑,唯品会,2020-07-13 01:42:31,甘肃省关岭市六枝特王路i座 376500,2
黄建国,xieyang,18097481971,6161482390543413359,联联电脑,京东,2020-08-19 23:39:33,广东省淑珍县安次王街C座 879014,1
许金凤,junliao,18957216439,21423176915913507205,华华电脑,京东,2020-03-27 22:23:16,广西壮族自治区敏市白云赵街W座 780789,1
张海燕,na95,13097575732,92318839819140688076,联联电脑,京东,2020-09-18 13:28:17,北京市霞市闵行合山路d座 111724,3
高婷婷,guiying77,13189017212,42832370178278951057,硕硕电脑,天猫,2020-09-28 01:33:31,广东省玲县上街陈路f座 581005,1
王亮,mren,15812409276,30219670042811583553,惠惠电脑,京东,2019-11-30 14:57:45,云南省桂英市城东刘街r座 440739,2
李春梅,dinglei,15741043504,54231200353762695738,戴戴电脑,天猫,2020-09-12 04:46:41,香港特别行政区荆门市清城何街I座 235315,5
李桂英,yonghe,15991358884,19375933734217278252,惠惠电脑,京东,2020-03-06 20:35:30,河北省澳门县金平曹路N座 941756,2
王玉,taojin,18263662132,70458244845361902031,惠惠电脑,京东,2020-05-11 01:17:54,台湾省平县沙湾王街A座 766940,1
庄建国,shixiulan,13501717705,69347828246530343705,硕硕电脑,拼多多,2020-01-31 01:49:04,甘肃省英市海陵昆明路E座 624963,1
黄秀荣,qiang96,13128356504,,惠惠电脑,唯品会,2020-09-07 19:01:39,辽宁省杭州市滨城潜江路z座 275505,1
韩娟,jing06,13884060891,73412605372781943134,惠惠电脑,唯品会,2020-08-18 22:38:26,吉林省洁县江北刘路g座 455146,5
王强,qiangwang,18242845977,75354700457775038941,联联电脑,唯品会,2020-03-27 07:53:30,北京市重庆县华龙卢路O座 100887,2
陈军,gang99,18930685418,40433927948069983967,惠惠电脑,天猫,2020-01-31 17:22:00,湖北省重庆市高坪嘉禾路m座 621553,1
孙建,xiuyingzhong,18253975964,63592379722480489107,戴戴电脑,唯品会,2019-11-10 23:02:01,山东省飞市萧山东莞街Z座 768250,1
梁桂荣,nalu,13207125444,14282630756976079427,联联电脑,拼多多,2019-12-17 04:02:04,贵州省佳市南湖周路j座 277810,1
王华,cuifang,18258803595,31401305700734766315,华华电脑,唯品会,2020-04-26 12:35:36,内蒙古自治区杭州县房山刘路S座 683021,4
唐淑兰,longguiying,13288922666,84189704017776340554,联联电脑,淘宝,2020-07-03 13:55:05,海南省玉兰市淄川邬路V座 448382,3
朱博,kfeng,18681504791,67498650586515532973,苹苹电脑,淘宝,2020-03-26 19:24:21,安徽省桂花县梁平梧州街w座 682390,2
陈建国,xia51,13350417608,12836761929597647867,华华电脑,淘宝,2020-03-04 09:06:58,甘肃省通辽市南长冯路w座 627814,3
罗秀珍,xueli,13131496581,76474951930852000856,联联电脑,天猫,2020-10-05 19:59:56,山西省英县六枝特银川街i座 369577,2
何雪,jieye,15171597117,41005709336248093288,惠惠电脑,京东,2020-02-23 02:35:52,山东省辽阳县东丽拉萨街K座 645707,5
刘帅,yangcheng,18077027411,52131827972698573286,惠惠电脑,淘宝,2020-08-28 11:14:14,宁夏回族自治区永安市静安台北路w座 437540,1
王秀英,mingfeng,13541636241,99203499263199122186,硕硕电脑,淘宝,2020-07-19 18:38:57,吉林省郑州县西夏田路P座 627046,4
熊岩,yang84,15223955712,48788230680790158050,惠惠电脑,拼多多,2020-09-06 11:13:00,江苏省英市南溪刘路c座 919509,4
冯辉,xiulan78,18235879317,53332647170146878991,华华电脑,苏宁易购,2020-01-10 15:23:26,澳门特别行政区淮安市西峰兴安盟路D座 792589,1
王玉华,pingkong,15637135824,93734879124028758516,苹苹电脑,天猫,2020-09-22 09:12:18,澳门特别行政区玉英市安次呼和浩特路Z座 510874,1
张丹,qliu,13504564119,28116615513355793451,戴戴电脑,苏宁易购,2020-01-14 23:39:41,新疆维吾尔自治区合山县普陀汕尾街d座 510435,1
翁兵,jingxiang,15995984719,94145414545236012359,联联电脑,唯品会,2020-05-20 23:00:49,黑龙江省辉市静安邯郸街q座 152939,3
赵红霞,xiangjing,14567006511,66743174058608849588,苹苹电脑,唯品会,2019-12-23 02:50:47,香港特别行政区太原县永川梁街i座 261377,4
王敏,juan63,13111130951,30092035781355126697,苹苹电脑,淘宝,2020-10-05 13:30:29,河南省佛山市高港淮安街c座 444166,3
吉艳,yangping,14571728623,10271454173020024405,苹苹电脑,唯品会,2019-11-23 08:54:44,湖北省佳县浔阳任街e座 118879,1
王雪梅,schang,18029272723,81248855473776735975,苹苹电脑,拼多多,2020-06-26 04:34:09,广西壮族自治区深圳市萧山辛集路n座 111293,1
曹秀云,guiying65,15965983816,76991555607939118915,联联电脑,唯品会,2020-09-14 08:20:04,湖南省阜新县高坪邱路s座 804492,4
朱伟,yang90,15901914926,,联联电脑,天猫,2020-10-05 16:33:38,广东省成县朝阳叶街c座 172151,5
刘桂芳,xiulan37,15763745529,29704579820825016896,苹苹电脑,天猫,2020-01-30 03:11:07,安徽省玉县合川王街G座 439508,4
彭畅,guiying62,13519144080,3983097739061897875,惠惠电脑,天猫,2020-03-25 20:12:08,贵州省红霞市涪城呼和浩特街j座 816959,5
郭玉珍,wei93,18179913581,76952479088606692313,惠惠电脑,苏宁易购,2020-10-17 22:58:03,海南省汕尾市梁平武汉路i座 829711,3
甄慧,na49,15629460878,57113854476110640879,硕硕电脑,唯品会,2020-04-02 23:26:00,四川省斌市山亭张家港街N座 932090,4
成凤英,guiying13,15985831671,93738971072266090166,硕硕电脑,苏宁易购,2020-03-11 00:10:33,西藏自治区淑珍县兴山杜街A座 510759,2
陈娜,gang04,15847584778,49567288543196119792,硕硕电脑,京东,2020-04-22 16:20:47,内蒙古自治区淑兰市花溪郑州路n座 846974,2
崔倩,guiying57,15702287861,73880326932493282828,苹苹电脑,淘宝,2020-07-29 17:43:09,陕西省雪梅县房山何路N座 392454,4
施帆,fang88,18929724838,49047520401873546086,硕硕电脑,拼多多,2020-01-05 14:22:45,贵州省嘉禾县清城尚路H座 998334,2
余敏,junxiang,13731069862,64029088912176355026,联联电脑,京东,2020-10-22 00:09:25,新疆维吾尔自治区宜都市华龙孙街G座 856488,4
阮海燕,aliang,13610797455,35353646951439753706,华华电脑,京东,2020-03-04 12:17:16,新疆维吾尔自治区洁市高坪乌鲁木齐街H座 912497,2
凌鑫,gangqiao,14507099773,59058026583419607329,硕硕电脑,拼多多,2020-04-06 06:10:13,辽宁省杭州县新城淮安路J座 733463,4
贺秀华,chengang,14517339341,169854561487022217,华华电脑,唯品会,2020-06-08 13:16:33,吉林省淑珍市涪城福州路v座 611932,2
孙云,zhaochao,15677320074,17851564182854280095,戴戴电脑,天猫,2020-02-12 10:49:44,江苏省楠县孝南覃街t座 551353,1
阎英,xiaowei,18751362919,40915021636231916900,华华电脑,天猫,2020-01-14 08:51:33,江苏省通辽市滨城汕尾路X座 536649,5
唐建,mengyan,14537215005,90175956944705839965,苹苹电脑,苏宁易购,2020-10-20 16:38:23,黑龙江省龙县合川长沙街T座 940458,4
张秀珍,ganggu,18273354389,73851718130637149190,戴戴电脑,淘宝,2020-10-07 21:29:52,宁夏回族自治区琳县崇文杨街D座 195713,4
赵桂芝,olei,13266949287,48480823880874030744,联联电脑,苏宁易购,2020-07-23 03:05:26,湖北省兴安盟市锡山庞街p座 315193,2
张佳,xliang,13058730843,12780667457681335932,苹苹电脑,天猫,2020-06-04 05:43:06,浙江省潜江市沙市吴路m座 832129,3
马红霞,minhe,18162484300,65831052752439579225,华华电脑,天猫,2019-12-10 17:19:28,山东省成市朝阳西宁路p座 957575,4
殷想,guiyingshao,13799035716,93776759891755624519,联联电脑,京东,2020-01-22 14:14:04,广西壮族自治区辉市花溪重庆街t座 870921,5
张建平,duxia,18020784251,60957700647897494656,惠惠电脑,拼多多,2020-08-23 00:50:30,天津市玉兰县蓟州宜都街a座 478457,3
张桂珍,yuanjing,13459328295,87947419729429375442,戴戴电脑,苏宁易购,2020-06-20 10:57:12,广西壮族自治区雷县翔安谭路a座 125770,2
左玉梅,minggong,15009084532,,华华电脑,淘宝,2020-04-15 04:53:00,台湾省佛山县清浦李路s座 471630,5
李芳,ncao,18816630549,9109428085775170986,苹苹电脑,淘宝,2020-03-21 06:40:29,河北省飞市璧山巢湖路Z座 620439,4
李超,weizeng,13947891794,28294580851415604867,华华电脑,天猫,2020-03-17 02:21:30,陕西省宁市合川吴街b座 886385,2
匡桂珍,dingxiuying,15675128095,6087412390314307820,惠惠电脑,拼多多,2020-07-16 01:42:49,上海市丽娟市闵行武汉街g座 232907,1
张旭,ngu,13982160590,28415891896622327739,硕硕电脑,苏宁易购,2020-04-26 03:58:45,安徽省冬梅县东城李街f座 652997,3
李强,jiebai,13220131509,24731959330664057706,戴戴电脑,苏宁易购,2019-12-31 22:30:53,澳门特别行政区建平县黄浦郑州路f座 191430,1
余英,ming53,18055514157,,华华电脑,京东,2020-04-20 10:34:51,广西壮族自治区宜都县龙潭惠州街v座 833802,1
金淑珍,tao49,18132243840,60359674191581367148,苹苹电脑,苏宁易购,2020-08-14 15:02:03,广西壮族自治区海门市清城王街c座 418088,2
刘健,wei91,13208188217,41484773226187077135,硕硕电脑,天猫,2020-10-20 20:58:15,青海省婷婷县蓟州重庆街S座 310215,5
詹丽娟,yong88,15687458865,14862331365714679363,联联电脑,天猫,2020-07-14 16:55:15,贵州省邯郸县城北宜都街x座 324574,5
吴秀珍,junyi,15228489715,94669399874834038726,惠惠电脑,天猫,2019-12-23 21:10:00,福建省六安县和平尹路W座 418344,5
郑楠,yong40,15877125476,41575183128944588978,戴戴电脑,唯品会,2020-04-02 14:56:55,云南省欣县牧野程街a座 115884,4
康雷,li36,13469085261,89771633523969427359,联联电脑,京东,2020-04-26 20:20:08,西藏自治区潮州市南溪赵路G座 465059,4
陈建华,zhuguiying,13125871670,51180823003767751111,戴戴电脑,京东,2020-01-13 00:50:08,浙江省海门县南溪宋街E座 718288,2
徐萍,min06,15244538876,22245529031293237533,联联电脑,京东,2019-11-25 09:32:20,北京市成都市淄川石路a座 624813,3
廖明,jun57,18983588365,15284523814935983531,联联电脑,拼多多,2020-07-20 12:34:07,云南省成县璧山关岭街G座 620137,1
厉红梅,xiuying66,14599062391,65934081436976694663,硕硕电脑,苏宁易购,2020-02-01 22:00:00,浙江省秀荣县白云乌鲁木齐街X座 918734,5
卫颖,ming70,18697223513,60343013958224254487,苹苹电脑,天猫,2020-01-16 17:04:25,广东省佳县上街南昌街x座 442198,1
李丹丹,chaolu,13087539348,53294563620838480153,惠惠电脑,淘宝,2020-05-02 08:09:06,甘肃省辽阳县滨城巢湖路v座 833028,5
郭华,ehan,13763864303,96324397308090692376,华华电脑,天猫,2019-12-01 13:17:02,海南省雷县魏都拉萨街v座 487641,2
武强,nagu,15200435132,117549940625095721,苹苹电脑,京东,2020-04-14 22:34:00,四川省桂英县东城合肥路N座 767554,5
张建国,juan58,14573022091,94393316570570579573,华华电脑,苏宁易购,2020-10-09 07:28:26,香港特别行政区合山市上街惠州街X座 956956,3
夏英,guiyingxie,15526029582,499060720853389107,苹苹电脑,苏宁易购,2019-11-25 09:15:44,河南省香港市静安天津路w座 104738,2
韦瑞,fanwei,18548931358,,苹苹电脑,天猫,2020-02-06 01:55:36,陕西省桂香县吉区曾街e座 856335,3
黄冬梅,taoqiao,13065587176,78563196853564188329,戴戴电脑,唯品会,2020-06-03 21:04:58,湖南省长沙县梁平柳州街D座 956914,1
张玉珍,blei,18560480531,58648368794844490740,惠惠电脑,苏宁易购,2020-03-02 09:45:39,陕西省六安市门头沟李街r座 561753,3
林凯,min76,14533126448,86425996654363764776,联联电脑,唯品会,2020-02-24 08:55:38,贵州省宁德市白云昆明路I座 778918,1
黄想,gluo,13883308181,66347267051533373310,联联电脑,淘宝,2020-06-27 16:18:53,内蒙古自治区深圳县沈北新丁路t座 932788,2
任桂香,qluo,15241240317,16648697405892998915,联联电脑,唯品会,2020-06-18 12:22:40,贵州省银川县蓟州辛集路o座 984052,5
杨颖,axia,15916050660,21513635074246534464,硕硕电脑,苏宁易购,2020-07-04 23:01:53,陕西省利县东城沈阳街m座 187835,2
崔刚,shixiulan,15585027811,10930093489336980743,华华电脑,淘宝,2020-05-10 01:54:42,内蒙古自治区瑞市合川熊街i座 352840,1
唐成,yangao,13197631863,72668197516788392652,戴戴电脑,淘宝,2020-08-30 19:31:02,山西省岩市朝阳荆门街V座 575466,5
王龙,dqian,13828974791,47967118331312137418,华华电脑,天猫,2020-10-27 20:53:47,甘肃省梧州市牧野太原街N座 436041,2
陈浩,yanye,15954627965,24177166245915270200,惠惠电脑,苏宁易购,2020-03-21 17:18:29,吉林省澳门县清城荆门街r座 615311,4
高俊,mojuan,13119127903,23415276893017719500,苹苹电脑,京东,2020-11-04 06:13:58,台湾省凤英县龙潭陶街N座 153506,3
冯佳,yangshao,15701037267,82292462269790634167,华华电脑,唯品会,2020-06-22 22:12:32,重庆市杨县沙湾梧州街H座 686829,5
李海燕,shenjing,13366203027,36007756909344310395,硕硕电脑,京东,2020-05-17 07:06:31,台湾省洁市江北位街n座 816695,3
周红梅,pfeng,13760387050,95120720662806085956,硕硕电脑,天猫,2020-10-19 11:15:21,江西省秀荣县永川简路o座 746471,3
朱凤兰,qiang61,13308419018,20936850091294351731,惠惠电脑,京东,2020-08-18 17:38:03,四川省通辽市城北永安路Q座 175071,4
叶颖,wangwei,15093695210,68218729227450073455,联联电脑,拼多多,2020-01-28 08:45:06,北京市淑兰县璧山辛集路v座 434920,1
刘璐,jie92,14583446318,31856171743821731488,戴戴电脑,天猫,2020-05-30 21:52:22,云南省兰州市门头沟高路M座 140964,1
罗小红,plong,13782163320,84129388337042088224,苹苹电脑,拼多多,2020-09-20 15:56:53,新疆维吾尔自治区成县南湖徐街T座 812854,4
陈秀珍,min60,13042064227,2474095750030897989,戴戴电脑,苏宁易购,2020-03-26 21:33:07,香港特别行政区雪梅市永川马街i座 752476,3
章雪梅,juanyuan,13461614030,87091258673148844715,惠惠电脑,唯品会,2020-03-09 19:15:38,福建省惠州县西峰台北街I座 741070,3
曹杰,ping25,15966588375,78568803288573253427,惠惠电脑,唯品会,2020-09-28 11:54:30,安徽省福州县魏都潜江街Q座 810742,3
戎桂花,yang11,13900680757,,戴戴电脑,京东,2020-03-01 17:39:28,云南省北京市金平兴城街d座 157168,1
曹晨,haoxia,18676142517,47574973394369608943,华华电脑,拼多多,2020-02-27 00:49:58,山东省武汉市和平沈阳路d座 648137,5
赵淑兰,mguo,13857005891,68706514000022778934,苹苹电脑,拼多多,2019-11-21 11:25:35,安徽省阜新市秀英李街q座 655704,1
冯婷婷,fdai,13636507806,64283533969319355527,苹苹电脑,京东,2019-12-16 19:45:33,吉林省深圳县孝南北镇街N座 423138,1
杨志强,kfang,18262401781,20889644725751084467,惠惠电脑,天猫,2020-02-29 05:06:02,山西省帅市蓟州郑路r座 632244,1
晋玉华,yangguo,15324794384,33173780720131389606,联联电脑,淘宝,2019-11-28 06:22:47,云南省昆明县锡山郭路x座 396168,2
刘淑珍,omeng,18572974974,17874125860498970311,华华电脑,淘宝,2020-07-19 22:54:24,浙江省大冶市静安刘路S座 969875,2
李秀梅,caoqiang,15987119629,69958982959819946455,硕硕电脑,苏宁易购,2020-02-25 02:21:10,台湾省莹县静安潜江街P座 723191,4
汪婷,juanzhao,18503403135,10904322766108997495,苹苹电脑,拼多多,2020-10-14 10:29:13,山西省哈尔滨县翔安郑州街I座 207865,1
李玲,jieyin,13641892942,45332474284985781858,联联电脑,京东,2020-01-23 06:29:10,上海市天津市兴山陈街g座 825508,3
范斌,zshi,13851947288,96410209754920532160,硕硕电脑,拼多多,2020-04-13 15:31:02,新疆维吾尔自治区博县沈北新重庆路z座 384514,3
韩婷婷,fang08,13625404781,46391033210453280962,华华电脑,天猫,2020-03-17 00:25:04,湖南省帆市花溪张街j座 472801,5
况丽,na95,15310143492,70048860978803101601,硕硕电脑,唯品会,2020-04-22 20:22:54,澳门特别行政区杰市浔阳张路s座 229907,4
刘兵,ygao,15111085358,18161340622393249072,惠惠电脑,天猫,2020-06-27 21:42:16,山西省杨市上街石街I座 103889,1
高晶,pdong,15192511899,76104026900729599560,惠惠电脑,天猫,2020-01-10 16:16:28,西藏自治区晨县普陀杨街M座 490852,5
卜莉,taozhong,18121483682,18466828482528275588,硕硕电脑,京东,2020-04-01 00:53:59,山西省红市东丽郎路i座 319948,2
王淑英,yangwen,15772466445,4745250904318423211,惠惠电脑,拼多多,2020-01-05 01:47:41,内蒙古自治区北镇县门头沟潜江街i座 994564,2
张凤兰,huangjuan,18011226863,,联联电脑,拼多多,2020-10-28 07:19:44,江苏省瑜市闵行韩街z座 117190,4
潘洋,xiuying79,14548086524,11271710972520024497,联联电脑,淘宝,2019-12-31 13:54:15,陕西省梧州县南湖李街O座 419092,1
孙秀英,jieye,13213116826,20417842049274995534,华华电脑,唯品会,2020-01-13 12:18:26,西藏自治区张家港县萧山长沙路d座 319207,5
靳宁,xiuyingmeng,15748487322,82917245849087031696,苹苹电脑,淘宝,2020-07-06 02:25:36,贵州省敏县淄川银川街r座 424486,4
刘超,maoxia,13494225840,54916595378466428613,惠惠电脑,淘宝,2019-11-12 00:42:26,内蒙古自治区宜都市城东长春路Y座 107181,1
段晨,liaotao,13718259701,,戴戴电脑,淘宝,2020-03-07 03:37:50,湖北省长沙县白云王街u座 569071,3
章帆,yandai,15031202340,50701281694832317622,惠惠电脑,淘宝,2020-10-19 15:45:08,天津市萍市闵行徐街o座 778505,2
王龙,yanzhong,15587129484,97226307106171396985,硕硕电脑,苏宁易购,2020-05-05 17:48:34,内蒙古自治区桂芝县闵行安路I座 341451,3
赵柳,vqin,14599016381,46060025523346729375,戴戴电脑,唯品会,2019-12-06 07:32:49,广西壮族自治区建平市城东刘路W座 250552,5
邹雷,najin,15094202759,12910847330039866397,华华电脑,京东,2020-05-17 20:29:17,吉林省燕县东丽郑路b座 360799,1
王敏,tao26,13861383852,56687679782841119900,硕硕电脑,苏宁易购,2020-10-28 05:09:10,香港特别行政区嘉禾市龙潭唐路r座 591880,1
李玉珍,pinghou,15549025102,86867379654096103767,惠惠电脑,唯品会,2020-05-30 16:36:02,黑龙江省秀英市静安蔡街m座 649877,5
谷利,kongxiuying,13768052925,21660278772117251426,戴戴电脑,苏宁易购,2020-10-29 17:27:48,四川省阜新市锡山合山街p座 946207,4
赵玉珍,mhan,15034369047,74227857648583540919,惠惠电脑,唯品会,2020-06-11 15:20:14,香港特别行政区红县沙市柳州街N座 103843,4
梁强,kmeng,18935942460,62738275738621818555,惠惠电脑,拼多多,2020-03-11 15:10:12,西藏自治区深圳县沈河赵街J座 811376,5
张桂英,mingshao,15550872019,78712652801176221834,华华电脑,唯品会,2020-01-13 20:50:05,辽宁省莹市江北昆明街Q座 829940,4
黄彬,junmo,13443814680,3019832379200494150,华华电脑,淘宝,2020-04-11 08:48:50,河北省建军县海港陈路Q座 738295,3
李红霞,juan03,15849861392,43297863057929881597,戴戴电脑,拼多多,2019-11-22 06:48:00,广东省建国市怀柔马路U座 333285,4
李春梅,fengmin,13534197956,30404828540953329857,联联电脑,淘宝,2019-12-11 04:02:49,陕西省兰州县南湖成都路Z座 708709,5
钱飞,guiyingqin,14582049406,44514918277002064621,惠惠电脑,唯品会,2020-05-03 18:23:05,浙江省婷市清河何街D座 290559,1
韩梅,xiaxiao,18787584825,75964168616931197018,苹苹电脑,天猫,2019-12-23 20:03:12,上海市柳州市清河吕路Y座 996003,2
杨涛,caiqiang,13437973547,25912617183758670305,联联电脑,苏宁易购,2020-10-19 10:57:04,湖北省通辽市长寿杭州路y座 723917,3
杨莹,xiulanwei,13627250017,96338447610912116167,硕硕电脑,京东,2020-05-12 17:33:08,广东省辉县南溪太原街X座 413649,5
陆龙,chao04,18937887198,9823010439112147053,戴戴电脑,京东,2020-08-05 12:22:25,台湾省郑州市浔阳永安街g座 214723,4
董丽华,xiulan45,18523272330,22359394509865994857,华华电脑,苏宁易购,2020-02-03 17:20:16,北京市银川市平山蒋街x座 532907,4
杨荣,yanxu,13970336026,60569763808024732209,苹苹电脑,苏宁易购,2020-10-24 09:57:52,山东省桂芝县新城王街e座 211481,1
张瑜,min42,15755268395,40486317999597171851,惠惠电脑,京东,2020-09-08 01:24:40,广西壮族自治区郑州市清河马路d座 244721,2
黄梅,qiangdu,15962244360,86608326638096658087,联联电脑,京东,2020-04-27 22:55:31,贵州省马鞍山市海港福州街e座 231537,1
李霞,hdai,13254338011,57377309405178934726,华华电脑,淘宝,2019-12-24 22:50:01,湖南省武汉县孝南柳州路f座 758237,4
简娟,li16,15219201048,79236769046680611020,华华电脑,京东,2020-04-23 17:58:46,山西省成都县华龙梧州街b座 583573,5
姬欢,pingyuan,18824425297,96891387613474783778,硕硕电脑,拼多多,2020-04-19 04:06:21,山东省沈阳市六枝特邯郸街m座 688887,3
张建军,wdeng,18570166631,92251429180711885776,惠惠电脑,京东,2020-07-01 03:01:08,江苏省浩县沙湾韩街Z座 723039,5
陈建,yong78,15361925142,7816415400704717020,惠惠电脑,拼多多,2020-03-12 16:54:56,广东省涛市高港太原街y座 628191,2
徐倩,qiang42,15987205806,27036492793020628215,硕硕电脑,唯品会,2019-12-20 05:50:07,河北省广州县沙湾六安街N座 924985,3
万玉,yanhe,13368113483,21158632064826095373,硕硕电脑,拼多多,2020-02-18 01:54:32,河北省合山县平山西宁街n座 488934,2
毛飞,wei49,14582046724,41782565801066902156,硕硕电脑,唯品会,2020-02-21 10:31:19,福建省云市兴山银川街i座 540441,1
杨志强,taozheng,13888194006,90067822934595724286,硕硕电脑,京东,2020-02-04 17:24:24,山西省呼和浩特市黄浦齐齐哈尔路C座 108604,4
王宇,qiang21,13282070585,36292051451065156956,戴戴电脑,拼多多,2020-03-10 15:10:14,广西壮族自治区贵阳县翔安许街v座 242988,4
常丽,dujing,18209196956,32678176826744871136,戴戴电脑,苏宁易购,2020-10-08 04:23:01,广西壮族自治区倩市牧野杭州街T座 505714,2
张淑兰,pfang,13525264073,10953275560331279508,华华电脑,拼多多,2020-02-29 10:45:41,广西壮族自治区玉华县高坪柳州街B座 428015,4
秦秀英,min53,15867840329,,华华电脑,天猫,2019-12-23 23:13:25,台湾省娟县南长济南街N座 877972,2
黄杰,jinwei,13291096520,89206628669953538583,惠惠电脑,苏宁易购,2020-07-04 15:00:33,广西壮族自治区张家港市高坪郭路E座 541841,2
王桂英,ftao,13270984306,68074101061600511964,华华电脑,天猫,2020-10-17 19:03:57,四川省重庆市魏都鞠路v座 871486,4
尹建军,ping54,15222536812,19148010550318138416,联联电脑,苏宁易购,2020-05-09 16:12:02,内蒙古自治区长沙市高港周街a座 756568,3
向坤,ping40,14780295971,60861671234372615006,华华电脑,京东,2020-01-03 00:42:19,宁夏回族自治区荆门市大兴欧街J座 516748,2
薛凤英,zhengming,18199829237,70122735795330840886,惠惠电脑,京东,2020-06-15 06:40:37,山东省拉萨市东丽刘街b座 291232,2
朱飞,qiang06,18246502512,62136420365043602178,惠惠电脑,苏宁易购,2020-06-16 03:21:33,贵州省军市黄浦黄街V座 590681,2
向宇,weiwan,15953464726,98369094573807536151,戴戴电脑,淘宝,2020-10-21 06:13:38,西藏自治区英县华龙林路o座 661618,2
杨龙,hyao,14518968724,64581183119623039716,惠惠电脑,唯品会,2019-12-02 07:23:09,甘肃省香港市海港梧州街Z座 951264,2
张金凤,uwen,18573990638,12261428654634987815,惠惠电脑,京东,2020-07-21 00:41:48,广东省建平县大东张街o座 393891,4
陈晨,xiulantang,18620887687,18750445588768015090,惠惠电脑,苏宁易购,2019-11-17 15:41:14,新疆维吾尔自治区玲县新城昆明路k座 236574,2
丁志强,ysu,15037315746,,惠惠电脑,唯品会,2019-12-28 23:18:10,天津市永安县东城徐街L座 621403,4
王琴,qiangpeng,14706548182,98546545737054301261,硕硕电脑,京东,2020-05-10 12:33:11,上海市郑州县沙湾黄街K座 623943,2
钱冬梅,mqian,15071491017,21200701371640603044,戴戴电脑,拼多多,2020-08-02 14:19:38,河南省通辽市安次李街n座 419208,1
江丽,yongliao,13089712378,,戴戴电脑,苏宁易购,2020-10-28 16:59:58,辽宁省淑珍市萧山潮州路B座 328910,2
龚雪梅,pwan,13908903031,26845267645762145688,联联电脑,京东,2020-07-29 16:28:16,辽宁省凤英县怀柔王街M座 559258,5
朱杰,liugang,15222804052,20604329046747930349,惠惠电脑,苏宁易购,2020-10-02 16:32:41,福建省广州县沙湾拉萨街w座 885383,3
阳晶,uguo,18810357252,25035527312209936889,硕硕电脑,天猫,2020-08-17 13:35:20,台湾省北镇市双滦马路C座 168510,2
贾丽娟,qiangsong,18218771128,92803260718086439502,华华电脑,拼多多,2020-04-10 15:23:49,广东省柳州市魏都贵阳街f座 776536,2
杨萍,slu,15188317148,83965249167077696289,华华电脑,淘宝,2020-07-19 03:16:53,吉林省六盘水县金平高街d座 867771,2
刘平,zhaona,13018102472,6483272855260640453,惠惠电脑,淘宝,2020-05-30 12:40:54,陕西省合山市崇文张街l座 945980,1
秦秀华,ganghuang,13578645284,85799708698398095043,华华电脑,唯品会,2020-07-04 06:07:54,河北省海燕市高港张街f座 289086,5
陈燕,lei23,15328862585,88478855371079898657,惠惠电脑,天猫,2020-08-31 12:22:29,云南省玉县孝南嘉禾路C座 532145,4
江娟,yzhong,14770028772,65244924156381745996,惠惠电脑,唯品会,2020-08-11 07:57:41,四川省宜都县闵行姚路R座 957676,5
张燕,glu,14732132942,73523077135316802114,戴戴电脑,苏宁易购,2020-03-01 02:13:09,河南省台北市清城赵路b座 797735,1
余秀兰,chao84,13830752834,16797630777838947195,硕硕电脑,苏宁易购,2020-04-03 05:24:15,河北省杭州市翔安刘街t座 979566,2
李彬,sma,13372258867,77441876654553599304,硕硕电脑,拼多多,2020-10-18 06:06:52,安徽省郑州市怀柔邹街w座 135566,3
王艳,linyan,18615086051,62891050435707379298,苹苹电脑,唯品会,2020-04-07 22:40:40,海南省石家庄市牧野银川街I座 175012,3
胡斌,jun75,15505416745,95942413823273135046,华华电脑,唯品会,2020-04-09 09:34:02,台湾省小红市朝阳北京街T座 115158,5
赵阳,qiangshao,15229955448,26151138257066283079,惠惠电脑,苏宁易购,2020-02-03 04:06:56,云南省浩县静安佛山路d座 591883,5
郑娟,sunfang,15742672748,65068879551516907689,苹苹电脑,京东,2020-10-19 17:08:34,天津市璐市南湖海口街n座 909665,5
傅兵,yansu,18201199446,,苹苹电脑,拼多多,2020-08-16 13:22:33,内蒙古自治区邯郸市普陀哈尔滨路K座 654804,2
王宇,juanxie,14778627822,37120199450313130405,戴戴电脑,唯品会,2019-12-12 13:35:09,天津市欣县城东袁街D座 569634,5
叶亮,moxia,13718143364,42929116760983324929,惠惠电脑,淘宝,2019-12-01 10:21:57,贵州省秀荣市兴山长春街z座 288587,4
刘雷,liwang,15610780199,77708623456228393569,苹苹电脑,苏宁易购,2020-05-25 00:38:27,山西省静市高港六安路l座 380086,2
邓俊,min72,15185957143,26654486294186308448,联联电脑,苏宁易购,2020-05-15 18:33:02,湖北省莉县浔阳朱街d座 714192,5
李雪梅,changjun,15259270907,39565602438392041861,华华电脑,天猫,2020-02-17 01:00:19,湖北省西安市平山张路A座 831268,4
陈宁,ming43,15533064596,7888098627970862308,硕硕电脑,淘宝,2019-12-27 19:53:39,湖南省莉县双滦王路y座 365030,3
赵欢,nahao,13169921261,88675788356077829275,华华电脑,京东,2020-02-25 00:49:29,广东省海口县城北哈尔滨路R座 180331,4
崔雷,ohuang,18916103412,34942682172142878491,硕硕电脑,天猫,2020-09-24 06:33:47,山西省太原县秀英陈街S座 177445,4
徐海燕,lei53,15221936331,14729279308375560352,惠惠电脑,唯品会,2020-04-05 00:07:40,青海省亮市南湖郝街e座 390167,3
王淑华,caixia,18532826972,52241613583198096087,惠惠电脑,京东,2020-08-29 17:53:54,四川省琳市璧山沈阳路p座 242288,1
王超,xiulan09,18223776576,65816847369202139763,联联电脑,苏宁易购,2020-03-16 16:29:24,重庆市佛山市平山纪路j座 245817,2
赵秀兰,liujie,13731271402,35147253972287601867,华华电脑,苏宁易购,2020-01-21 04:36:44,安徽省长春县安次银川街O座 827816,1
王鹏,wei63,15319785011,34311463439896848995,联联电脑,苏宁易购,2020-11-03 10:59:20,福建省婷婷县海港杜街x座 461105,5
邵丽,yinmin,18176783456,38627840813195220889,惠惠电脑,唯品会,2020-09-18 18:28:19,山西省婷县涪城朱路K座 239330,3
张丽丽,xiuying63,15546840938,30284557823106236814,戴戴电脑,天猫,2020-01-27 14:19:32,广东省洁县海港吕街C座 528804,5
程秀兰,zhouwei,15970982956,1644284397390281285,苹苹电脑,天猫,2020-02-09 19:46:04,重庆市秀荣市普陀北镇路S座 990179,2
李磊,tianfang,15368004260,88511205640136341001,硕硕电脑,京东,2020-05-31 13:08:07,广西壮族自治区颖市牧野卢路j座 106791,4
刘海燕,xiulan33,18018939837,63978845892827862943,联联电脑,天猫,2020-09-24 01:21:01,陕西省关岭县城东郑州路P座 241267,5
郭丽华,ming01,18291912264,76906611773689561275,华华电脑,天猫,2020-05-11 14:52:36,北京市汕尾市沙市银川路S座 972837,1
王云,qcheng,15790895519,95466967956343431226,戴戴电脑,拼多多,2020-03-06 10:13:28,河南省岩县牧野周路G座 846068,3
陈志强,xiulandong,18118898481,51471509659154071747,苹苹电脑,拼多多,2020-08-02 20:17:36,河南省马鞍山县清河上海路L座 541634,4
张成,syan,13390304015,71009114106715709768,苹苹电脑,京东,2020-05-05 09:31:32,青海省潮州县海陵辽阳街v座 699027,1
吕龙,qpeng,13532403365,12546338380345996652,戴戴电脑,淘宝,2020-03-23 22:04:35,安徽省飞市淄川哈尔滨街Q座 855887,1
王帅,yang94,15523088532,80386070491368134841,惠惠电脑,苏宁易购,2019-11-21 09:03:03,湖北省凤英市萧山石路O座 760804,4
吴桂兰,ming96,13237719935,25764460745642110358,苹苹电脑,天猫,2020-09-26 07:04:03,北京市拉萨市安次兴安盟路d座 573371,5
彭萍,vhuang,13582369558,84955829251964307321,惠惠电脑,苏宁易购,2020-07-29 04:10:36,山西省佛山市龙潭任街p座 799954,3
梁凤兰,qxiao,15327239203,23823908673184963879,苹苹电脑,拼多多,2020-03-25 02:30:51,山东省台北市秀英黄街F座 600436,3
李旭,yongzhou,18745865297,17837045858171206628,硕硕电脑,苏宁易购,2019-12-13 07:36:24,河南省呼和浩特市江北西安路i座 962245,4
孙琳,tanyang,13581697350,65790406120951421822,联联电脑,淘宝,2020-06-18 07:04:39,山西省慧县江北唐路F座 341460,2
周龙,juan27,13698848766,88704105889536884054,苹苹电脑,拼多多,2020-02-25 18:37:07,湖北省西宁市平山杨路c座 424984,3
王刚,mingshao,15961425821,35222527043985717580,苹苹电脑,拼多多,2020-04-01 03:19:25,安徽省郑州市清河沈阳街X座 828251,1
王红梅,shou,13336708900,55853141481183413231,苹苹电脑,淘宝,2020-04-16 04:42:35,内蒙古自治区香港市丰都周路c座 688830,2
温洋,juanfan,13656796562,49984151173353237247,硕硕电脑,淘宝,2020-04-07 12:52:47,天津市凤兰县孝南福州街T座 552694,1
郭红,moxia,15957780051,6832644969879579123,戴戴电脑,京东,2020-03-29 03:37:13,辽宁省宁县锡山宜都路b座 175125,2
倪萍,caogang,15710875229,97362858325979290073,华华电脑,京东,2019-12-24 20:38:08,澳门特别行政区亮县白云林路o座 174304,3
高玉英,qyan,18916016370,13405809056640859507,惠惠电脑,拼多多,2020-01-29 21:06:48,澳门特别行政区秀云县长寿天津路P座 499389,3
邹荣,pinglei,15333210513,,华华电脑,唯品会,2019-11-27 11:08:49,青海省重庆市沙市汕尾街R座 551683,3
张桂珍,oqin,15586095135,93677859412284769057,苹苹电脑,苏宁易购,2019-11-16 07:32:19,北京市六安市崇文东莞路f座 110928,4
赖凯,jun34,14546458102,12596722096406094780,惠惠电脑,苏宁易购,2020-06-30 17:27:36,湖北省红梅市浔阳台北路t座 556860,5
张岩,yanlong,15628373180,63833585017216074810,华华电脑,苏宁易购,2020-09-15 20:47:48,江苏省伟市静安合山街g座 141676,3
李建,shina,15372460714,33028378570173642642,硕硕电脑,拼多多,2020-02-01 18:50:34,宁夏回族自治区沈阳市浔阳昆明路r座 794979,3
王雪,nzhong,18069587465,17840810701994797095,苹苹电脑,唯品会,2020-01-31 01:41:42,山西省天津市徐汇张街t座 885230,3
杨勇,jie53,18873187737,23813627921684961045,戴戴电脑,淘宝,2020-09-09 05:15:21,安徽省台北县合川梁街Y座 987872,1
高俊,ping21,15128685284,31126988458802293241,苹苹电脑,苏宁易购,2020-06-18 21:28:58,广西壮族自治区丽华县南湖昆明街Y座 194775,5
欧阳秀云,yan31,14599554551,75089597762503565636,联联电脑,京东,2020-08-03 08:18:56,西藏自治区齐齐哈尔市兴山林路S座 496465,3
谭静,qiang55,13885575832,81806110784771807487,苹苹电脑,拼多多,2020-03-19 15:35:42,湖南省丽市翔安颜街D座 897923,5
杨建国,hefang,14724372664,78706141194406812315,戴戴电脑,苏宁易购,2020-05-04 03:19:56,云南省想市华龙关岭街S座 324259,2
李春梅,chao51,13881714739,42432897492094469482,惠惠电脑,苏宁易购,2020-10-02 16:43:31,吉林省长沙市蓟州通辽街v座 693842,3
曾建国,ping65,13201760226,22656193824696500882,硕硕电脑,淘宝,2020-09-28 10:11:47,宁夏回族自治区建平市兴山沈阳街F座 482427,2
南萍,liujing,18257438159,13352797903894929595,硕硕电脑,天猫,2020-01-10 00:33:25,江西省桂花县萧山大冶路G座 273704,2
李健,xia60,18023935892,93586215793364047973,硕硕电脑,苏宁易购,2020-05-16 00:08:27,西藏自治区沈阳县友好贵阳街z座 384397,2
张鹏,qiaochao,18771391709,69123426278063287671,戴戴电脑,天猫,2020-07-19 15:30:39,黑龙江省阜新市沙湾宜都街R座 132469,2
雷华,zhenglei,13173544092,61034244561468761850,华华电脑,京东,2020-04-24 06:01:10,北京市超县东城海口街i座 715969,1
段东,maoli,15273878077,42840755763888455804,华华电脑,淘宝,2019-12-26 20:16:13,江西省峰县蓟州张街g座 912559,1
孙健,xialiang,15895948460,9046632937540513912,硕硕电脑,拼多多,2020-05-03 23:50:27,湖南省林县房山陈街x座 170790,1
王志强,xiulanren,18590239100,34606440786853489474,戴戴电脑,天猫,2020-10-01 12:51:00,湖北省辛集市房山香港街C座 733072,4
李斌,yang89,18844110317,46419290192615747199,华华电脑,天猫,2020-04-20 00:09:50,河南省建国县东城辛集路Q座 792844,2
徐雪,iyin,15918339263,56079933072164313360,戴戴电脑,天猫,2019-11-22 18:38:27,台湾省辉县永川辛集街L座 290940,3
谭军,qianming,18297250697,77413947345475123710,硕硕电脑,京东,2020-04-30 18:20:02,甘肃省红县朝阳合肥路q座 872074,3
赵凤英,liangming,18746890763,68699775902364940793,戴戴电脑,淘宝,2020-07-30 11:25:20,山东省俊县静安北京街u座 394935,1
朱林,linqiang,13451525791,6209571223715274001,联联电脑,京东,2020-03-29 00:09:43,宁夏回族自治区上海市金平赵路M座 969363,2
姚楠,ptan,15156428492,44559165006278709645,华华电脑,苏宁易购,2020-08-22 07:01:15,广东省兴安盟县梁平张街E座 381562,4
王桂荣,moxia,13886738591,71744500134566572419,华华电脑,京东,2020-01-14 22:03:04,宁夏回族自治区晨市城东济南路b座 206268,4
程辉,yongdai,18166866191,91080711504476699216,华华电脑,苏宁易购,2020-09-14 20:15:29,福建省帆县浔阳西宁路b座 185411,5
贾淑兰,caoxiulan,13508980981,94899079573298478972,惠惠电脑,苏宁易购,2020-07-19 00:00:34,湖北省天津市梁平海口街E座 788700,1
李峰,daixiulan,18759710219,94120002605614837616,硕硕电脑,拼多多,2020-08-23 16:57:22,香港特别行政区大冶县南溪通辽路b座 768245,4
赵婷,guiyingwen,13418616975,22520728121186685167,苹苹电脑,淘宝,2020-02-15 09:51:13,吉林省娜县黄浦澳门街L座 232788,5
马建华,yanfang,13891404527,64300184392670170140,联联电脑,拼多多,2020-02-28 05:06:38,青海省龙市普陀马鞍山路q座 984818,5
冯秀珍,tluo,18863012730,56089997824974087853,惠惠电脑,苏宁易购,2020-07-11 02:27:29,宁夏回族自治区凯县浔阳通辽路D座 218426,3
程桂香,jinxiulan,15615780455,89191009722109690124,联联电脑,苏宁易购,2020-02-22 20:45:23,云南省巢湖市长寿萧街V座 906702,3
曹彬,wei69,13602086210,,戴戴电脑,拼多多,2019-11-30 07:52:22,青海省瑜市龙潭潜江街d座 156210,4
朱琳,lisu,13701555790,65784952199883123809,惠惠电脑,苏宁易购,2019-11-19 15:35:24,江西省文市静安郑州路I座 190158,2
高佳,dongjing,18272227033,21839558667305670546,硕硕电脑,天猫,2020-03-03 01:34:35,西藏自治区玉梅县徐汇长春路y座 136354,1
佟伟,zhengmin,18024190407,74821805409442768427,惠惠电脑,拼多多,2020-01-09 15:28:56,宁夏回族自治区六安市门头沟卫路S座 654859,4
颜玉梅,yong46,13128110741,75453069527744480405,戴戴电脑,天猫,2020-10-03 00:07:20,澳门特别行政区西安市门头沟天津路u座 256011,3
邓亮,guiyingye,14710739841,55641596989102735952,硕硕电脑,京东,2020-04-18 04:51:54,新疆维吾尔自治区波市金平寇街k座 335109,3
刘杨,liujuan,14520310113,30458129420500736388,华华电脑,苏宁易购,2020-06-13 12:28:06,湖南省关岭县华龙刘路T座 818031,3
王晶,jun81,18120404197,31663223897739358742,华华电脑,苏宁易购,2020-10-04 01:36:43,安徽省南昌县黄浦张路T座 487412,4
王强,xiulan26,15905846662,13621837403948397828,惠惠电脑,苏宁易购,2020-06-06 23:45:50,重庆市武汉市吉区兴安盟路u座 586645,3
蒲东,uqin,18093714363,51023973325921396420,联联电脑,唯品会,2020-08-14 07:59:33,内蒙古自治区海门县永川福州街M座 707788,3
宫佳,tao60,13757406838,28818832097447444433,惠惠电脑,唯品会,2019-12-15 22:58:04,安徽省深圳市普陀洪路F座 838362,2
袁玉,limo,13272669817,67227296671880257639,苹苹电脑,拼多多,2020-10-11 11:43:14,江苏省梧州县新城孙街w座 621952,2
萧兰英,gangxiao,15233602046,5762059143759071418,苹苹电脑,拼多多,2020-08-21 22:38:00,香港特别行政区鹏县和平鲁街g座 223672,1
杨琳,ping35,18035415571,36084685136469542379,硕硕电脑,苏宁易购,2020-04-26 08:45:07,台湾省大冶市和平李路u座 831799,4
许秀华,xiuying70,15396431911,71560932730260007806,戴戴电脑,唯品会,2020-04-03 04:30:38,青海省南昌县六枝特东莞路w座 617398,2
刘红,jie74,15943947650,53577727751135143081,惠惠电脑,拼多多,2020-01-10 01:50:35,安徽省拉萨县蓟州荆门街b座 970982,5
王玉华,juanzhang,18616924602,43111543601080406174,惠惠电脑,拼多多,2020-07-10 09:57:30,福建省志强市清城张路Q座 328609,4
张凤英,sguo,13111403827,97910133415898870923,华华电脑,唯品会,2020-04-19 10:28:18,云南省阳市安次古街O座 567391,5
计柳,jsong,18695082409,97440391029500219481,华华电脑,唯品会,2020-08-15 22:45:49,河北省桂芝县锡山张街U座 748690,4
王浩,xiulan55,15519807591,66736800059032482529,华华电脑,京东,2020-09-07 03:47:27,吉林省欣县上街永安街I座 475412,4
张军,wsu,14777906919,69853661157791621423,惠惠电脑,京东,2019-11-27 05:13:14,青海省敏县清浦济南路O座 767879,4
林荣,hxiang,15065688005,46713900519706051758,戴戴电脑,京东,2020-09-18 23:16:32,贵州省潮州市沈北新海门路z座 659602,3
杨健,yan43,18059973218,20973348966783067890,苹苹电脑,苏宁易购,2019-12-27 22:20:54,香港特别行政区永安市朝阳上海街l座 639467,2
王浩,tsong,14564709447,18694943188316663207,华华电脑,唯品会,2020-08-12 21:03:13,澳门特别行政区建军市吉区西宁街W座 506268,2
张利,chaokang,15692709766,90712969558239871671,华华电脑,唯品会,2020-04-07 08:10:55,黑龙江省晶市永川乔街i座 432686,5
王萍,gangzhong,15564190930,1810998194286364227,苹苹电脑,天猫,2020-05-13 16:00:30,湖南省成县和平郑路N座 126658,4
黄丽丽,yzeng,18593546145,24395861180626498849,惠惠电脑,天猫,2020-05-16 12:12:59,四川省兴城市徐汇汪街S座 283686,2
杨丹丹,li25,13197177318,20979603464664675431,惠惠电脑,天猫,2019-12-29 22:14:52,内蒙古自治区鑫县锡山宁德路L座 780388,3
黄佳,scai,15800600715,89379113985100200325,惠惠电脑,淘宝,2020-02-15 22:00:39,青海省玉县华龙马鞍山路X座 196331,2
向平,tao68,13929383948,46242227219780063608,联联电脑,天猫,2020-01-11 08:01:15,海南省六安市清城程路R座 812309,4
杨丹丹,min84,13683668512,21461682019447449240,华华电脑,京东,2019-12-13 02:49:05,浙江省雷市高坪王路k座 543032,3
赵文,liaochao,13429032757,42470302934910765457,华华电脑,淘宝,2020-09-30 22:58:50,安徽省哈尔滨市秀英六盘水街O座 461313,4
王辉,mliao,15341539304,10150463745906897647,苹苹电脑,拼多多,2020-07-04 04:39:33,贵州省健市平山李街t座 233852,1
黄莹,yongwen,15735960976,38193019497111033233,苹苹电脑,淘宝,2020-08-21 02:43:10,浙江省桂荣县静安昆明街p座 929723,3
张桂荣,xiaxie,18036973344,25829241497865543061,苹苹电脑,拼多多,2020-05-15 12:11:23,宁夏回族自治区邯郸市蓟州兴城路h座 973954,5
赵超,jun40,14587850712,42286421216812020058,华华电脑,天猫,2020-04-22 18:50:55,湖南省鑫县城东巢湖路q座 172291,2
陶鑫,jiagang,15727779007,64662241556993372208,硕硕电脑,拼多多,2020-11-01 20:41:27,宁夏回族自治区强市蓟州太原街E座 340969,4
梁玉梅,lilong,13878219142,16026127141051863265,联联电脑,拼多多,2020-07-19 13:17:03,宁夏回族自治区桂香市新城西安街T座 246193,4
杜秀梅,nafeng,13325664041,1461527685614277548,戴戴电脑,拼多多,2020-09-27 10:46:35,甘肃省福州市华龙东莞街y座 255933,3
李桂英,taoliu,13435869201,57665396490700156599,联联电脑,拼多多,2020-04-04 10:58:30,新疆维吾尔自治区亮市安次济南路E座 889416,4
苏杨,juangao,14565459621,30560096336790254587,华华电脑,拼多多,2020-08-17 18:18:00,吉林省潮州市牧野合山路n座 344979,2
姜晨,ubai,15587194632,32257335458790965086,华华电脑,京东,2020-02-12 10:14:43,台湾省潮州县高坪上海街s座 587554,2
崔东,juan61,15567838144,65014134177626551532,联联电脑,苏宁易购,2020-05-21 03:17:04,广西壮族自治区飞市高明阜新街I座 311062,1
李荣,wenyan,18123351296,20192430224551140274,戴戴电脑,苏宁易购,2020-01-29 08:56:08,内蒙古自治区玲市翔安长春路y座 665479,2
仝志强,taoli,18148990687,28395102181608305093,戴戴电脑,淘宝,2020-07-31 06:59:14,内蒙古自治区冬梅县城东阮路c座 186196,4
宋秀梅,zhanggang,13149078647,39228186200643870147,硕硕电脑,京东,2020-09-03 07:44:24,天津市南昌市滨城大冶路i座 135638,4
潘桂芝,minlei,14546302529,84721463855574929512,联联电脑,天猫,2019-11-13 03:58:43,重庆市济南县六枝特银川街c座 861335,3
周峰,qiangsu,14765565472,58553765434845218729,苹苹电脑,拼多多,2020-09-10 04:56:52,上海市利市上街高路c座 911264,1
高坤,ming27,18183132307,76148382170182527447,华华电脑,淘宝,2020-04-30 21:37:59,宁夏回族自治区佛山市浔阳澳门路c座 589866,5
朱岩,gangkong,13743480885,,戴戴电脑,苏宁易购,2020-01-12 21:41:44,重庆市梅市南溪王街R座 129637,1
张欢,renlei,14564736608,54711970337653812787,联联电脑,拼多多,2020-02-08 06:17:12,云南省淑英市崇文邯郸路h座 285701,1
贾彬,jing57,13544119768,6218931433529715358,联联电脑,苏宁易购,2020-01-22 23:23:58,湖南省玉兰市上街郑街v座 403320,2
秦玉英,weilin,18811965262,99982055811949841389,惠惠电脑,天猫,2020-06-30 10:00:54,西藏自治区欢市南长杨路U座 524405,1
蒋燕,qianghao,18526781715,71460944304122534379,苹苹电脑,唯品会,2020-02-16 09:13:30,山东省荆门县花溪嘉禾街G座 671264,3
秦晶,huanglei,13625150471,,苹苹电脑,苏宁易购,2020-07-16 03:58:20,香港特别行政区北镇县城北徐街z座 705740,2
郭婷婷,chaohou,13906147719,91849168568283344298,惠惠电脑,唯品会,2020-08-09 20:49:03,辽宁省芳县翔安杨路r座 968487,1
黄桂荣,nahe,18855916977,58293586100143060504,硕硕电脑,苏宁易购,2020-04-29 16:27:35,广东省晨市花溪聂街N座 158058,1
李东,dongjuan,18655121763,92076702646036583355,惠惠电脑,唯品会,2020-03-15 16:08:09,澳门特别行政区阜新县丰都梧州路e座 569885,1
高秀梅,tyang,15062284077,68324266093877469225,硕硕电脑,天猫,2020-10-30 08:11:11,甘肃省磊县沈北新陈路p座 791109,3
王桂芝,qzheng,18739663159,16208361234091646611,华华电脑,淘宝,2020-07-23 09:01:36,云南省合山市门头沟钟街X座 544734,3
温琳,lailei,14536232631,31148676379467057574,惠惠电脑,天猫,2020-10-03 09:44:01,江西省齐齐哈尔县安次张家港路G座 496992,2
张婷,ping41,13609659460,68900146475554837015,硕硕电脑,淘宝,2020-08-06 08:23:30,黑龙江省宜都市沙市合肥路a座 435978,4
兰楠,ping70,14565643219,31182039254567182315,联联电脑,苏宁易购,2020-07-10 14:02:54,山东省贵阳市江北刘街h座 915412,2
杜峰,mingsun,18667153050,11572985157518650388,联联电脑,天猫,2020-04-19 18:48:53,安徽省丽县璧山田街T座 700489,4
何军,xiuying72,18598220758,21762043813794715271,戴戴电脑,淘宝,2020-08-05 00:31:14,河南省辽阳县黄浦胡路w座 820715,4
王波,laixia,15122385349,6635149485444899390,华华电脑,天猫,2019-12-06 05:30:51,山东省济南市高明梧州路R座 168692,1
权丽华,yan88,15189637974,95689968016397279061,戴戴电脑,拼多多,2020-04-04 12:08:27,青海省合肥县秀英天津街O座 729968,3
李英,ttian,13964373085,56058011879450527334,联联电脑,苏宁易购,2020-09-24 12:58:30,辽宁省重庆县大兴合山街y座 594308,3
魏玉梅,xiuyingzhang,13979924498,76603121491136955681,苹苹电脑,京东,2020-09-08 09:30:56,广西壮族自治区桂芳市沈北新萧路o座 788680,4
鲁娟,jinglu,13558501003,61857555714595731884,联联电脑,京东,2020-02-03 03:03:47,新疆维吾尔自治区凤英市房山陈街X座 598431,5
文淑华,chaocui,15773996837,4638362371561502906,戴戴电脑,苏宁易购,2020-03-19 05:39:56,天津市佛山市平山东莞街Z座 996373,3
崔欢,gang94,18754648757,8303510197772081201,联联电脑,苏宁易购,2020-01-05 14:27:15,广西壮族自治区太原市大兴高街C座 697811,3
刘冬梅,usun,13639600515,,惠惠电脑,拼多多,2019-11-25 04:50:54,上海市桂荣市高明郭路K座 971624,5
戴莉,kongyan,15134443896,49231823869062652106,华华电脑,淘宝,2020-08-10 23:28:54,江西省南京县秀英郑州路l座 315198,1
易岩,longming,18008507361,70477692937224722968,联联电脑,拼多多,2020-01-23 03:49:50,福建省呼和浩特市长寿武汉路J座 484355,3
刘凯,pingtao,15252729755,97980081408979686411,苹苹电脑,天猫,2020-03-07 21:33:54,广东省波市黄浦孙路G座 245435,5
杨艳,jun37,13392578366,83178529821397473360,联联电脑,淘宝,2020-10-12 17:28:22,江西省拉萨县长寿李路w座 145747,5
戚秀珍,ggong,15194277212,69709733249294350983,苹苹电脑,唯品会,2020-05-05 20:49:39,云南省海门市大东史路B座 390558,1
曹坤,pingsun,18908280148,79679932400408521046,硕硕电脑,唯品会,2020-07-11 21:44:55,宁夏回族自治区广州县梁平尤路t座 832074,3
崔瑜,xia88,15223687481,10836986876856346667,硕硕电脑,淘宝,2020-04-22 17:26:01,四川省香港市永川赵街d座 678578,3
张颖,yan96,15703996661,18919059636405363319,联联电脑,天猫,2020-01-31 13:27:51,澳门特别行政区呼和浩特市孝南蔡街b座 132826,2
毛艳,linfang,13184321743,78006041747862041822,硕硕电脑,天猫,2020-03-27 22:53:50,香港特别行政区嘉禾市锡山贾路f座 384974,3
张金凤,guoyang,13521435844,30271936282922608794,惠惠电脑,京东,2020-10-22 00:59:08,河南省红梅县城东天津街u座 310701,4
李秀珍,zhenggang,15732412783,52071516648994765627,华华电脑,天猫,2020-01-03 01:28:55,贵州省巢湖县城东严路m座 201751,4
康玉华,zouping,15927148387,32127764483075829191,苹苹电脑,淘宝,2020-10-20 12:34:03,吉林省贵阳县秀英周街f座 158379,3
秦秀梅,guoli,15010980365,53514340049173285337,硕硕电脑,唯品会,2020-01-04 11:05:28,广西壮族自治区桂香县上街石家庄路A座 114668,1
牛亮,xiangxiulan,13547528360,24467132310522696761,苹苹电脑,拼多多,2019-12-27 09:18:48,宁夏回族自治区惠州市涪城马鞍山路J座 856543,1
杨楠,min24,15676057915,78026733407459170700,惠惠电脑,苏宁易购,2020-09-21 08:22:34,辽宁省婷婷市龙潭谭街A座 643054,5
张想,jhu,15307682234,69765836286289100704,苹苹电脑,天猫,2019-11-05 15:40:23,贵州省辉县龙潭刘路n座 928619,4
唐秀云,yzeng,13587424804,89592346728630306430,硕硕电脑,天猫,2020-02-12 02:32:53,四川省北镇县花溪王路g座 357488,1
解淑珍,jiangmin,13542763379,30728414135610727651,硕硕电脑,拼多多,2020-01-07 12:21:28,山西省欢县海陵东莞路n座 641327,3
王淑兰,yuanli,15004099222,74705208042510097473,惠惠电脑,苏宁易购,2020-06-16 23:04:13,内蒙古自治区哈尔滨市门头沟周街b座 990560,4
蔡琴,na47,13829274994,48635435610682016402,惠惠电脑,京东,2019-12-22 15:55:01,广西壮族自治区杭州县秀英程街z座 759059,1
李淑珍,qiang22,15840101205,89124896294520278467,惠惠电脑,拼多多,2020-09-14 02:38:56,河北省文县海港方路g座 919566,3
谭畅,min28,18278979481,98111140942644461457,戴戴电脑,天猫,2020-08-17 06:55:13,西藏自治区香港县金平黄街j座 423368,1
文婷婷,leiding,18886408079,59711139004210726679,华华电脑,淘宝,2019-12-18 20:53:56,香港特别行政区深圳市东城廖路C座 743899,1
胡龙,guoqiang,18912728670,87663988910559811412,惠惠电脑,京东,2020-03-22 11:40:08,重庆市鹏市涪城昆明街C座 247540,1
赵鹏,fangdu,15142941336,42570836125811966703,华华电脑,淘宝,2020-02-25 20:44:47,陕西省西安市梁平南京街M座 965295,4
陈博,yong11,13870998361,99135827140251516616,硕硕电脑,苏宁易购,2020-08-22 03:37:24,江苏省晶市长寿澳门街i座 175038,3
王秀云,xiulancao,15035915723,25735483185123779130,戴戴电脑,天猫,2020-08-28 07:11:03,山西省丹县秀英佛山街N座 280294,3
张玉兰,qhou,18721760722,32863871258201814715,硕硕电脑,淘宝,2020-04-04 07:20:06,河南省哈尔滨县黄浦白街w座 696689,3
王玉,fangpan,18917711795,91983073717526549280,苹苹电脑,天猫,2020-10-10 01:45:37,海南省辛集市普陀重庆路g座 191921,4
徐俊,jiewen,15207119966,72117299460114313375,联联电脑,苏宁易购,2020-04-15 22:52:14,湖南省北京市海陵金路M座 706763,3
吕金凤,qiuguiying,15134840316,13544742446354627540,联联电脑,苏宁易购,2020-03-03 22:51:51,山东省大冶县沙湾张街I座 662736,1
李瑜,lhan,13989724423,96548892937536298698,戴戴电脑,唯品会,2020-09-13 17:25:15,湖北省波县徐汇马鞍山街L座 554830,4
刘宁,fanglei,13338067451,46222231976145103183,惠惠电脑,苏宁易购,2020-09-09 08:32:18,贵州省潜江市丰都阜新街J座 686827,3
赵华,ksu,18270014208,16077111096100275233,惠惠电脑,苏宁易购,2020-01-27 03:33:44,山东省琴市西夏长沙街h座 876391,4
王龙,leijie,18679052929,,戴戴电脑,拼多多,2020-05-10 03:50:15,四川省萍县华龙昆明路y座 653613,4
杨云,ilu,13226442169,66784661995012347562,联联电脑,淘宝,2020-01-17 09:39:14,内蒙古自治区坤县牧野周路e座 313001,3
王秀珍,qtan,13283080380,32999154919552243890,苹苹电脑,拼多多,2020-08-14 08:24:01,浙江省六盘水市房山沈阳路L座 685691,3
刘英,qinyong,13266883969,39545112540599561316,惠惠电脑,淘宝,2020-06-04 09:34:31,北京市旭市西夏赵街n座 874395,1
曾玲,weigong,15313122109,40798182179712295852,戴戴电脑,天猫,2019-12-25 12:31:31,江苏省利县沈北新苏街u座 336868,1
陈强,xiulangong,15705212878,67875814121095175321,戴戴电脑,天猫,2020-04-22 06:32:48,湖北省兴安盟县崇文淮安路B座 556584,5
王芳,weizhu,18090408475,10846534397305151849,硕硕电脑,苏宁易购,2020-08-10 16:17:41,安徽省东莞县涪城荆门街w座 628006,5
黄凤英,liangyong,13039637967,23566535244468427921,惠惠电脑,京东,2020-05-13 01:12:00,安徽省东莞县龙潭重庆街t座 229515,2
方柳,kangjing,15339360854,79758953357572693319,苹苹电脑,唯品会,2020-04-05 21:25:18,澳门特别行政区兴城市永川海门路Q座 925980,1
陈建华,lei16,15056779450,69078237164480725575,硕硕电脑,拼多多,2020-04-11 06:54:46,上海市瑜市淄川杨路c座 386310,4
史凤兰,yinli,13173861819,63691187323774501411,华华电脑,淘宝,2020-01-07 08:27:07,辽宁省凤英县魏都康路p座 578811,1
雷柳,icui,15536629830,49948542061669264819,硕硕电脑,唯品会,2020-09-13 18:02:50,天津市冬梅市锡山张街C座 519700,4
王秀英,maojie,14589056735,56253134758109082347,硕硕电脑,唯品会,2020-04-23 15:59:56,江西省香港县普陀孟路C座 896863,3
沈雷,gzou,18028700339,12710625611615184137,联联电脑,淘宝,2020-07-04 04:56:46,黑龙江省宁县清河贵阳街c座 680227,4
王阳,leizheng,13605970297,5560952912981931860,联联电脑,京东,2020-01-12 19:15:04,河北省兴安盟市门头沟宁街O座 392535,4
李莉,yong72,14556209309,84335204151824047053,苹苹电脑,淘宝,2020-07-15 01:09:40,福建省兴城县上街严路O座 409109,5
易军,kangli,18895687976,25839893021551944470,惠惠电脑,京东,2019-11-19 05:05:44,贵州省永安县华龙贵阳路q座 484593,3
张慧,jiangxiuying,15896980182,77443498569698025925,戴戴电脑,天猫,2020-08-07 15:33:58,青海省龙市沈河香港路m座 657640,2
陈桂芳,caoxiulan,15909464303,58441902175368384596,惠惠电脑,淘宝,2020-09-05 22:10:48,山西省秀珍县普陀六盘水街q座 870192,3
李宇,taoma,15345341490,42854254391781491666,戴戴电脑,天猫,2020-10-05 14:04:12,甘肃省嘉禾县清浦成都路k座 412326,3
许阳,mingcai,15595739480,,硕硕电脑,淘宝,2020-05-26 23:00:43,海南省关岭县长寿重庆街c座 693174,2
王平,xzou,18814491616,48990110408975888318,惠惠电脑,天猫,2020-10-08 23:29:43,甘肃省嘉禾县翔安郑州街b座 429316,2
梁倩,xiulan98,18661877668,38140884780715145870,戴戴电脑,京东,2019-11-26 01:54:27,甘肃省雪梅县城北东莞街F座 156838,1
王俊,tduan,18001664710,91133489444702127500,华华电脑,拼多多,2019-12-27 16:20:34,贵州省文县上街萧路A座 871341,3
徐浩,yangpan,18623404206,86230604372137594860,惠惠电脑,拼多多,2020-08-15 19:01:08,四川省兰州县蓟州姜街A座 362258,3
谢玉英,xiaxia,15698363555,7490341148198329738,联联电脑,苏宁易购,2020-05-30 03:39:08,浙江省建平县高港何路r座 722519,5
陈杨,xiulan55,18628718905,21233822558674072804,戴戴电脑,苏宁易购,2020-09-16 13:42:26,广东省莹县清河沈阳街L座 800869,1
李冬梅,qiujie,14593761691,80839586055585864476,戴戴电脑,唯品会,2020-04-14 20:08:51,新疆维吾尔自治区重庆市翔安萧街P座 929589,3
胡建平,dinggang,13773205726,,苹苹电脑,淘宝,2020-09-21 09:29:56,青海省婷婷市安次汕尾路y座 573313,4
孙晶,uding,15717988258,37048962364905643477,硕硕电脑,唯品会,2020-04-16 09:49:57,新疆维吾尔自治区璐县清浦乌鲁木齐街n座 102285,1
冯岩,duchao,15360170254,24047826920639061930,惠惠电脑,淘宝,2020-02-01 14:01:22,山西省兴城市龙潭辛集街U座 242933,3
陈桂花,yuanqiang,15048791451,73647029490042538728,联联电脑,淘宝,2019-12-25 00:47:41,湖北省桂芳县徐汇刘街c座 505675,2
丁秀梅,juanshao,18564822636,37046032693673179134,华华电脑,唯品会,2020-03-02 04:39:59,山东省帅市崇文上海路H座 927863,4
陈娟,weili,18921240140,80629861633540879157,戴戴电脑,拼多多,2020-03-19 14:10:52,江苏省建平市璧山兴安盟路t座 801110,3
黄波,kwan,13601116652,25859897197290990469,戴戴电脑,天猫,2020-01-08 22:48:10,四川省丹市吉区史街Q座 521679,2
胡桂香,chao62,13274026348,99788021205457320367,戴戴电脑,淘宝,2019-12-15 15:45:21,宁夏回族自治区荆门市门头沟吕街U座 542764,4
任鹏,jun47,15229373411,59607706315049462416,联联电脑,唯品会,2020-06-09 13:16:07,海南省佳市长寿深圳路I座 184425,3
佟晶,jie00,18034606008,96318137224904477490,惠惠电脑,京东,2020-07-03 04:10:26,上海市晨县沈北新合肥街p座 690904,4
陈杰,wuxiuying,18711238231,33561213565902243077,硕硕电脑,天猫,2020-07-25 17:04:28,辽宁省丹丹县南长黎街k座 233423,4
黎东,yijun,15782189606,90456472486734573850,华华电脑,天猫,2020-05-13 19:20:20,陕西省南宁市永川翟路S座 335970,2
曹建军,fang90,15230850038,63567384133200950249,华华电脑,淘宝,2020-10-11 01:39:22,福建省杭州县永川马路Z座 734743,2
周丽娟,xiangming,15590734009,46332044683812413410,硕硕电脑,唯品会,2019-12-10 08:23:35,天津市瑜县双滦董街R座 222320,3
刘鹏,icai,14511629573,94651721839466163090,苹苹电脑,京东,2019-12-08 22:08:05,安徽省东莞县高坪昆明路i座 272074,4
杨旭,mincai,15884750684,95453317025652994659,戴戴电脑,唯品会,2020-03-21 17:18:05,山西省玉市花溪重庆街c座 158750,1
黄波,lei06,13048504551,97453738070546678450,华华电脑,拼多多,2020-10-14 12:08:01,陕西省丹丹市闵行长春街C座 275818,4
陈博,czhao,18516417948,15549368925890192515,惠惠电脑,拼多多,2019-11-18 15:17:47,香港特别行政区旭市秀英沈阳路H座 615109,1
倪玉华,wei41,15291873482,83450950716350513425,苹苹电脑,苏宁易购,2019-12-29 12:02:03,河北省秀华市闵行哈尔滨街l座 464094,4
吴丹丹,hexiulan,13211482133,96226174576621928260,联联电脑,苏宁易购,2020-11-01 19:47:11,湖北省文县牧野成都路P座 442108,1
车冬梅,gutao,15860293797,80495690712549173065,苹苹电脑,苏宁易购,2020-02-28 01:23:04,河南省西安县浔阳南宁街Q座 130491,3
窦淑珍,linguiying,18205907843,23895435202490228421,戴戴电脑,唯品会,2020-04-19 12:18:08,吉林省淮安县沙湾荆门路q座 912128,3
李雪梅,jie70,15591310343,83921738750821397451,苹苹电脑,拼多多,2020-02-22 11:36:00,湖北省桂芝县沙湾北京街T座 722354,3
戴雷,gang98,15379628080,63679677512817502526,苹苹电脑,淘宝,2020-04-28 13:37:47,北京市晨市秀英严街e座 400549,2
唐刚,mingguo,14553919685,12444901146665626602,硕硕电脑,苏宁易购,2019-12-31 14:43:39,辽宁省佛山市清城武汉街m座 589256,3
李帅,duantao,14538574521,90296987368348174753,硕硕电脑,唯品会,2020-06-05 08:03:05,上海市凤英县城北贾街m座 968911,3
张静,wei11,14554471150,86275407280927453653,苹苹电脑,天猫,2020-04-10 23:53:03,广东省彬市南长石家庄路k座 183380,3
鲁莉,zhongxiuying,13431833962,,华华电脑,苏宁易购,2020-05-16 05:22:26,江西省昆明市秀英东莞街f座 713462,5
虞丹丹,chao64,15325605329,8582736349628802701,华华电脑,淘宝,2020-08-02 04:41:17,河北省深圳县清河辛集街S座 936195,4
蔡旭,fang47,13624699592,99809345020749038246,联联电脑,拼多多,2020-08-01 00:15:48,宁夏回族自治区秀华县金平北镇路W座 598143,5
孟波,hhuang,18942692439,1567132215057903664,联联电脑,唯品会,2020-01-07 10:57:02,江西省亮县静安葛街O座 967764,3
乔洋,gaoxiuying,18728094761,35771276635223209537,苹苹电脑,淘宝,2020-06-27 04:35:37,海南省波市西峰徐街h座 448680,1
龚建华,yanping,13283842046,79278388351232793275,硕硕电脑,苏宁易购,2020-09-24 10:45:21,西藏自治区西安县孝南济南街v座 561571,1
李雷,ydong,13703325034,76239243338756512108,苹苹电脑,京东,2020-09-03 03:55:45,山西省刚市崇文王路a座 934781,4
萧强,gangqiu,15338328734,65790508292673621069,惠惠电脑,京东,2020-07-09 20:24:00,辽宁省宜都市友好齐齐哈尔路S座 710835,3
秦敏,pingli,15000163622,66604893413815985652,联联电脑,京东,2020-06-09 11:57:59,内蒙古自治区天津市沙市阎路J座 936961,5
陈洁,yluo,14542072520,31795537713690730347,惠惠电脑,天猫,2020-01-05 07:56:57,江苏省太原县沙湾马鞍山街L座 224072,2
齐杰,qiang52,18235236488,31799657391948975530,联联电脑,京东,2020-07-15 00:22:08,福建省丽华县魏都兰州路v座 322377,4
王玉珍,zwan,18746523527,92410847034809176817,戴戴电脑,淘宝,2020-04-19 09:51:10,湖南省武汉县东丽澳门路i座 938933,3
周芳,leiyan,14592687914,16920100721297665455,华华电脑,苏宁易购,2020-07-26 11:10:46,青海省永安县房山张街R座 693987,4
李斌,bkong,15503351157,65810524873155595249,硕硕电脑,唯品会,2019-11-28 03:41:34,安徽省坤市永川王街I座 655524,2
董刚,juncai,15981026911,76015755552012161455,苹苹电脑,苏宁易购,2020-06-29 10:09:40,天津市坤市淄川汕尾路U座 816765,2
张帆,qiangwei,13345929899,3149177190934725595,联联电脑,京东,2020-04-09 03:32:45,台湾省龙县朝阳邓路r座 493769,4
潘玉华,hanfang,18906724703,69878931892288250109,戴戴电脑,拼多多,2020-03-29 00:17:49,山西省桂芳县城东嘉禾街A座 697243,1
乐秀兰,fangwei,15157580070,29152169062408666365,联联电脑,唯品会,2020-01-06 04:05:16,安徽省海口市房山北京街w座 262521,4
周磊,taoshi,13523427114,97715067380922745250,硕硕电脑,唯品会,2020-01-09 16:12:03,黑龙江省沈阳县西夏杨路L座 473022,2
胡飞,qiang05,18573338570,95394404034379447166,华华电脑,天猫,2020-04-09 21:48:26,香港特别行政区红市涪城上海街P座 436428,1
胡红梅,ping82,15010478443,5619283983743184613,华华电脑,唯品会,2019-11-22 12:05:40,青海省荣县清城哈尔滨路v座 668280,4
廖秀英,jingmo,13253412015,27484131331975352107,戴戴电脑,苏宁易购,2020-08-09 10:38:39,海南省兴安盟县闵行应街X座 365253,4
武燕,ywan,13624621662,4419193230026483629,戴戴电脑,京东,2020-02-02 02:35:05,西藏自治区洋市沈河宜都路i座 980530,1
谷利,guiyinghan,14595130805,63826880341245841898,惠惠电脑,唯品会,2020-07-28 09:41:16,辽宁省敏县黄浦辛集路t座 999858,2
李杰,junhao,18988498456,95281974310335215705,华华电脑,拼多多,2020-08-30 08:09:55,安徽省桂英县牧野宋街s座 821864,4
武军,mindu,15195498690,62331705261088879857,联联电脑,苏宁易购,2020-09-06 23:40:50,福建省柳州市魏都沈阳路r座 495355,3
陈淑英,zengfang,18980891913,24927255086810570277,联联电脑,拼多多,2020-04-17 07:43:23,四川省桂芳县城北东莞路W座 558821,1
程亮,kyang,18135748842,79310530324891979650,惠惠电脑,拼多多,2020-07-14 20:08:46,内蒙古自治区昆明县长寿赵路L座 450192,3
汤鹏,taomo,15391060082,88350956158532407224,苹苹电脑,苏宁易购,2020-04-11 10:53:27,湖南省海口县牧野合肥路u座 610109,1
梁小红,baiyong,13795336711,78367586810569479884,戴戴电脑,苏宁易购,2019-11-16 02:09:11,江苏省霞县锡山西宁街p座 102078,2
黄琳,kangyong,13556353738,81593300290216403061,硕硕电脑,天猫,2020-10-27 23:30:04,青海省南昌县白云南京街y座 228837,5
冷桂香,bchang,15286362862,2272725384860820027,硕硕电脑,天猫,2020-02-02 13:55:17,黑龙江省玉兰县东丽海口路w座 179209,1
翟桂芝,lchang,15065341924,62629514566272310414,华华电脑,唯品会,2020-04-08 15:19:35,浙江省嘉禾县沈河齐齐哈尔路V座 987054,3
朱丹丹,pgao,15663765496,74805765022027056509,硕硕电脑,拼多多,2020-08-05 06:20:27,浙江省红县浔阳台北路M座 961980,5
田文,ocui,13746919930,62662550298838543027,苹苹电脑,京东,2020-01-27 00:44:07,山东省济南县东城巢湖路v座 154839,5
王丽华,ohuang,18500466436,4425025911771493003,华华电脑,唯品会,2020-02-23 22:43:20,贵州省桂芳县海港潜江街I座 951075,1
杨伟,kshao,15553557284,3596768763625478510,惠惠电脑,淘宝,2020-03-13 23:55:07,辽宁省成都市长寿澳门路K座 976215,5
鞠帅,che,15335503954,34834308876681621808,戴戴电脑,拼多多,2020-03-09 22:17:20,香港特别行政区大冶县南溪林街w座 416553,5
林莉,ashao,15189668967,24354329340814331662,戴戴电脑,苏宁易购,2020-08-08 19:09:29,湖南省佛山县璧山佛山街n座 348550,3
魏浩,jinglin,14502199327,36884314709283405044,硕硕电脑,淘宝,2020-10-25 05:51:39,湖南省丹县山亭刘路D座 826309,2
郭婷婷,liaoyang,13659529783,79113794509340795921,惠惠电脑,苏宁易购,2019-11-08 18:23:16,陕西省丽娟县海陵毛街L座 320101,1
王颖,weixiang,13812395610,8187295544815331688,惠惠电脑,拼多多,2020-10-13 19:42:30,黑龙江省佛山县白云何街k座 152204,2
程玉梅,tzhu,13887872794,52976440106351412858,苹苹电脑,唯品会,2020-02-15 20:11:07,江西省玉兰市双滦顾路J座 893917,1
徐健,minyan,13527322649,2777593752933151939,硕硕电脑,京东,2019-12-22 06:30:40,江苏省杭州县江北郑州街s座 866205,5
王雪,qiaochao,14543561698,42471969572836597764,苹苹电脑,天猫,2020-02-04 20:17:35,江苏省林县涪城萧街S座 304106,1
刘欣,shengang,18866371727,90739497976298227477,华华电脑,苏宁易购,2020-07-25 02:31:27,福建省华市东丽吴路Z座 368386,5
邵秀芳,zouming,13912492807,56610772222966299946,硕硕电脑,唯品会,2019-12-05 04:36:15,黑龙江省宜都市璧山王路P座 750499,5
赵桂芳,junchang,13739186618,10674849249073211152,华华电脑,拼多多,2020-08-25 17:58:19,云南省凯县锡山刘街w座 582230,2
吴辉,xuexiuying,15901687639,40533745396441532522,苹苹电脑,拼多多,2019-12-30 14:37:39,河北省西安县平山李路d座 856099,2
孙刚,xiuying17,14560016631,36264810515739257223,华华电脑,唯品会,2019-11-18 10:40:01,河北省东莞县蓟州潮州街x座 131376,2
王桂荣,lyin,18940959120,74942264153438000026,戴戴电脑,唯品会,2020-06-12 13:42:16,江西省秀英市清河嘉禾街A座 529497,4
邢凤英,leicao,15387294231,,联联电脑,苏宁易购,2020-04-30 17:29:36,湖北省超县锡山徐路e座 774140,4
倪慧,taoqian,18633371521,37634332092294214455,戴戴电脑,拼多多,2020-11-01 03:54:14,甘肃省兰英市六枝特林街r座 998211,3
朱淑英,guiying70,14798362525,25676498678826622877,联联电脑,拼多多,2020-10-31 14:45:15,北京市香港县高明黎街l座 226321,5
傅林,yongzeng,13114193401,91919250871358978264,华华电脑,天猫,2020-04-04 05:54:56,西藏自治区建县高坪太原路L座 268994,2
李瑞,yang19,18896571537,43545820179876093957,华华电脑,拼多多,2020-06-25 02:42:55,浙江省燕市清城长沙街j座 647264,2
刘杰,xiuying95,18276376761,75525958791279368577,硕硕电脑,唯品会,2020-10-01 05:44:04,贵州省燕市安次长春路O座 771622,3
徐兵,jding,14567718786,70092779478256065094,联联电脑,苏宁易购,2020-08-23 04:18:16,西藏自治区贵阳县金平姚路t座 595450,1
