date,code,open,high,low,close,preclose,volume,amount,adjustflag,turn,tradestatus,pctChg,isST
2018-01-02,sh.600004,14.7300,14.8500,14.5900,14.8000,14.7000,13127900,193508326.0000,3,0.634406,1,0.680275,0
2018-01-03,sh.600004,14.8400,14.8400,14.6500,14.8000,14.8000,15046954,222055580.0000,3,0.727145,1,0.000000,0
2018-01-04,sh.600004,14.7500,14.7800,14.5400,14.6200,14.8000,18563569,271737272.0000,3,0.897085,1,-1.216218,0
2018-01-05,sh.600004,14.6000,14.6700,14.4800,14.5700,14.6200,11979532,174297478.0000,3,0.578911,1,-0.341999,0
2018-01-08,sh.600004,14.6800,14.6900,14.4100,14.5000,14.5700,16492258,239516323.0000,3,0.796989,1,-0.480437,0
2018-01-09,sh.600004,14.4600,15.0300,14.3700,15.0200,14.5000,21186005,312458529.0000,3,1.023815,1,3.586210,0
2018-01-10,sh.600004,15.0200,15.0200,14.7100,14.8500,15.0200,17674001,262194308.0000,3,0.854097,1,-1.131825,0
2018-01-11,sh.600004,14.6800,14.9300,14.6800,14.6900,14.8500,10981364,162262894.0000,3,0.530675,1,-1.077446,0
2018-01-12,sh.600004,14.6800,15.0300,14.6400,14.9500,14.6900,17402475,258716172.0000,3,0.840975,1,1.769913,0
2018-01-15,sh.600004,14.9000,15.5900,14.8300,15.4000,14.9500,33936533,520366317.0000,3,1.639984,1,3.010032,0
2018-01-16,sh.600004,15.3200,15.8700,15.3200,15.8300,15.4000,29974451,469740225.0000,3,1.448517,1,2.792210,0
2018-01-17,sh.600004,15.8000,15.9000,15.3800,15.6800,15.8300,18631368,290662786.0000,3,0.900362,1,-0.947565,0
2018-01-18,sh.600004,15.6000,16.0800,15.5600,15.8600,15.6800,15433621,244845462.0000,3,0.745830,1,1.147955,0
2018-01-19,sh.600004,15.8600,16.0500,15.6300,15.7600,15.8600,14899530,236123314.0000,3,0.720020,1,-0.630513,0
2018-01-22,sh.600004,15.7700,16.0000,15.5200,15.9600,15.7600,13056478,205710388.0000,3,0.630955,1,1.269034,0
2018-01-23,sh.600004,15.9000,16.5500,15.9000,16.4900,15.9600,19417939,317270193.0000,3,0.938373,1,3.320800,0
2018-01-24,sh.600004,16.3600,16.8000,16.2600,16.7500,16.4900,21905059,362896205.0000,3,1.058563,1,1.576715,0
2018-01-25,sh.600004,16.6600,16.6600,16.1800,16.4400,16.7500,15224843,250022134.0000,3,0.735741,1,-1.850743,0
2018-01-26,sh.600004,16.4900,16.6600,16.2700,16.5300,16.4400,11883909,195677853.0000,3,0.574290,1,0.547446,0
2018-01-29,sh.600004,16.5200,16.6400,16.1700,16.4800,16.5300,19815000,324558161.0000,3,0.957561,1,-0.302487,0
2018-01-30,sh.600004,16.3500,16.6900,16.2300,16.6200,16.4800,15204022,251955286.0000,3,0.734735,1,0.849522,0
2018-01-31,sh.600004,16.4100,17.0000,16.2900,16.9000,16.6200,16252045,271772664.0000,3,0.785381,1,1.684710,0
2018-02-01,sh.600004,16.9800,17.2500,16.5500,16.7700,16.9000,18814840,318455014.0000,3,0.909228,1,-0.769226,0
2018-02-02,sh.600004,16.5800,17.3000,16.0900,17.2200,16.7700,20182601,337333239.0000,3,0.975325,1,2.683356,0
2018-02-05,sh.600004,16.7800,17.4100,16.6000,17.1500,17.2200,23345851,397108324.0000,3,1.128189,1,-0.406502,0
2018-02-06,sh.600004,16.5500,16.8800,16.1700,16.2000,17.1500,29526124,484236643.0000,3,1.426851,1,-5.539352,0
2018-02-07,sh.600004,16.5700,16.6300,15.3100,15.4900,16.2000,25909388,411557112.0000,3,1.252072,1,-4.382722,0
2018-02-08,sh.600004,15.5000,15.7900,15.1000,15.3700,15.4900,15033867,231487876.0000,3,0.726512,1,-0.774693,0
2018-02-09,sh.600004,14.9000,15.0600,14.0000,14.9000,15.3700,36118023,531786995.0000,3,1.745405,1,-3.057907,0
2018-02-12,sh.600004,14.9000,15.4800,14.8300,15.3200,14.9000,12120357,184193683.0000,3,0.585717,1,2.818793,0
2018-02-13,sh.600004,15.4500,16.0900,15.4500,15.6100,15.3200,13573885,214452309.0000,3,0.655959,1,1.892950,0
2018-02-14,sh.600004,15.7900,16.0900,15.4800,15.9300,15.6100,10124497,160323910.0000,3,0.489267,1,2.049972,0
2018-02-22,sh.600004,16.1500,16.6700,16.0400,16.5800,15.9300,10427022,171275489.0000,3,0.503886,1,4.080349,0
2018-02-23,sh.600004,16.6500,16.6500,16.2100,16.4900,16.5800,9203697,151012543.0000,3,0.444769,1,-0.542824,0
2018-02-26,sh.600004,16.4800,17.1500,16.4700,17.0000,16.4900,14437622,244010865.0000,3,0.697699,1,3.092785,0
2018-02-27,sh.600004,17.0500,17.1700,16.6000,16.6500,17.0000,8544690,143501260.0000,3,0.412923,1,-2.058826,0
2018-02-28,sh.600004,16.6000,16.6000,16.1900,16.3700,16.6500,10039075,164408151.0000,3,0.485139,1,-1.681674,0
2018-03-01,sh.600004,16.3000,16.5200,16.2400,16.3600,16.3700,5939912,97434465.0000,3,0.287046,1,-0.061089,0
2018-03-02,sh.600004,16.2900,16.3600,16.0500,16.1900,16.3600,6348477,102907705.0000,3,0.306790,1,-1.039120,0
2018-03-05,sh.600004,16.1200,16.4100,16.1100,16.1700,16.1900,5713811,92837108.0000,3,0.276120,1,-0.123536,0
2018-03-06,sh.600004,16.3000,16.3300,15.7300,16.3100,16.1700,9920998,159088452.0000,3,0.479433,1,0.865797,0
2018-03-07,sh.600004,16.3200,16.3500,15.8800,15.9700,16.3100,7125420,114876216.0000,3,0.344336,1,-2.084606,0
2018-03-08,sh.600004,16.0200,16.1700,15.9000,16.1500,15.9700,5373444,86146194.0000,3,0.259672,1,1.127109,0
2018-03-09,sh.600004,16.1700,16.4300,16.1500,16.3000,16.1500,8153400,132800621.0000,3,0.394013,1,0.928790,0
2018-03-12,sh.600004,16.2900,16.5700,16.2600,16.5000,16.3000,10818460,178065821.0000,3,0.522803,1,1.226999,0
2018-03-13,sh.600004,16.4500,16.5800,16.1000,16.1300,16.5000,8581168,139807564.0000,3,0.414685,1,-2.242429,0
2018-03-14,sh.600004,16.1400,16.1400,15.8500,15.9400,16.1300,6317731,100719763.0000,3,0.305305,1,-1.177927,0
2018-03-15,sh.600004,15.9100,16.1500,15.8700,15.9900,15.9400,4955745,79244962.0000,3,0.239487,1,0.313677,0
2018-03-16,sh.600004,16.0000,16.2000,15.9000,15.9300,15.9900,3977509,63719814.0000,3,0.192213,1,-0.375231,0
2018-03-19,sh.600004,15.9000,15.9000,15.7000,15.8200,15.9300,5517563,87126243.0000,3,0.266636,1,-0.690525,0
2018-03-20,sh.600004,15.7200,15.9500,15.7000,15.8700,15.8200,4136883,65497943.0000,3,0.199915,1,0.316057,0
2018-03-21,sh.600004,15.8700,15.9900,15.8100,15.8300,15.8700,5396018,85828469.0000,3,0.260763,1,-0.252048,0
2018-03-22,sh.600004,15.8300,15.9300,15.4500,15.5400,15.8300,9583178,149391543.0000,3,0.463107,1,-1.831964,0
2018-03-23,sh.600004,15.0100,15.3800,14.8800,15.2300,15.5400,12757897,193592668.0000,3,0.616526,1,-1.994855,0
2018-03-26,sh.600004,15.1800,15.3800,14.9200,15.2300,15.2300,10683027,161363420.0000,3,0.516258,1,0.000000,0
2018-03-27,sh.600004,15.3600,15.7300,15.3600,15.6100,15.2300,9583308,149324771.0000,3,0.463114,1,2.495076,0
2018-03-28,sh.600004,15.4000,15.6800,14.9900,15.0600,15.6100,12360697,188992183.0000,3,0.597331,1,-3.523378,0
2018-03-29,sh.600004,15.0800,15.5000,14.8200,15.4300,15.0600,10386270,157893131.0000,3,0.501917,1,2.456838,0
2018-03-30,sh.600004,15.4300,15.7700,15.3500,15.6400,15.4300,7111866,110773488.0000,3,0.343681,1,1.360985,0
2018-04-02,sh.600004,15.6100,15.6800,15.2000,15.2400,15.6400,6476907,100053095.0000,3,0.312997,1,-2.557548,0
2018-04-03,sh.600004,15.0400,15.4800,15.0200,15.4700,15.2400,7213492,110248551.0000,3,0.348592,1,1.509190,0
2018-04-04,sh.600004,15.4700,15.6500,15.4200,15.4600,15.4700,9014096,140306467.0000,3,0.435607,1,-0.064643,0
2018-04-09,sh.600004,15.4300,15.6400,15.3100,15.6300,15.4600,6797947,105670893.0000,3,0.328511,1,1.099612,0
2018-04-10,sh.600004,15.7200,16.0900,15.6300,16.0200,15.6300,12501555,199183786.0000,3,0.604138,1,2.495204,0
2018-04-11,sh.600004,16.0400,16.3400,16.0400,16.2200,16.0200,8091388,131052612.0000,3,0.391017,1,1.248432,0
2018-04-12,sh.600004,16.2000,16.3400,16.0900,16.2600,16.2200,9471382,153421418.0000,3,0.457705,1,0.246615,0
2018-04-13,sh.600004,16.2700,16.4000,15.7800,15.8800,16.2600,8533422,136843965.0000,3,0.412378,1,-2.337024,0
2018-04-16,sh.600004,15.8400,16.1000,15.4300,15.6400,15.8800,8678436,136381619.0000,3,0.419386,1,-1.511334,0
2018-04-17,sh.600004,15.6300,15.7400,15.1500,15.1900,15.6400,9924498,152980837.0000,3,0.479602,1,-2.877243,0
2018-04-18,sh.600004,15.3400,15.4000,14.9000,15.2200,15.1900,10875651,164229578.0000,3,0.525566,1,0.197503,0
2018-04-19,sh.600004,15.2300,15.4400,15.0300,15.4000,15.2200,6337422,96992410.0000,3,0.306256,1,1.182650,0
2018-04-20,sh.600004,15.4300,15.4500,15.1000,15.2300,15.4000,7355295,112319838.0000,3,0.355445,1,-1.103897,0
2018-04-23,sh.600004,15.2500,15.3400,14.7400,14.8300,15.2300,11594541,173696913.0000,3,0.560307,1,-2.626393,0
2018-04-24,sh.600004,14.8400,15.3200,14.8400,15.1800,14.8300,10568021,159726058.0000,3,0.510700,1,2.360084,0
2018-04-25,sh.600004,15.2000,15.3400,15.1100,15.2900,15.1800,7213335,109963103.0000,3,0.348585,1,0.724635,0
2018-04-26,sh.600004,15.3000,15.3500,14.9800,15.1300,15.2900,6072588,91795821.0000,3,0.293458,1,-1.046435,0
2018-04-27,sh.600004,15.2000,15.2700,14.8900,15.2200,15.1300,6985788,105378757.0000,3,0.337588,1,0.594846,0
2018-05-02,sh.600004,15.2300,15.4300,15.0500,15.3900,15.2200,8094412,123385176.0000,3,0.391163,1,1.116952,0
2018-05-03,sh.600004,15.3300,15.3600,15.0700,15.2900,15.3900,7160056,109111154.0000,3,0.346010,1,-0.649775,0
2018-05-04,sh.600004,15.2300,15.3300,15.0400,15.1000,15.2900,6459884,98043215.0000,3,0.312174,1,-1.242640,0
2018-05-07,sh.600004,15.2200,15.4000,15.0600,15.3500,15.1000,7909537,120724917.0000,3,0.382229,1,1.655629,0
2018-05-08,sh.600004,15.3900,15.7700,15.3800,15.7600,15.3500,12410996,193415833.0000,3,0.599762,1,2.671009,0
2018-05-09,sh.600004,15.8600,15.9000,15.6300,15.8300,15.7600,10179742,160435549.0000,3,0.491936,1,0.444161,0
2018-05-10,sh.600004,15.8500,16.3300,15.8500,16.2500,15.8300,13823910,222425819.0000,3,0.668041,1,2.653191,0
2018-05-11,sh.600004,16.2900,16.3800,16.0400,16.2400,16.2500,9804921,159032913.0000,3,0.473823,1,-0.061540,0
2018-05-14,sh.600004,16.2200,16.3800,15.8400,16.0500,16.2400,14552064,233573098.0000,3,0.703229,1,-1.169954,0
2018-05-15,sh.600004,16.0500,16.1000,15.8300,16.0800,16.0500,10436016,166659516.0000,3,0.504321,1,0.186920,0
2018-05-16,sh.600004,16.0000,16.1700,15.9000,15.9500,16.0800,9208918,147584804.0000,3,0.445021,1,-0.808458,0
2018-05-17,sh.600004,15.9400,16.1300,15.9200,16.0100,15.9500,7712410,123707103.0000,3,0.372703,1,0.376178,0
2018-05-18,sh.600004,15.9500,16.0600,15.7400,16.0000,16.0100,7697640,122294288.0000,3,0.371989,1,-0.062462,0
2018-05-21,sh.600004,16.1900,16.3500,16.0400,16.1300,16.0000,10001106,162124722.0000,3,0.483304,1,0.812495,0
2018-05-22,sh.600004,16.1800,16.2000,15.9600,15.9800,16.1300,5907950,94872898.0000,3,0.285502,1,-0.929942,0
2018-05-23,sh.600004,16.0300,16.0600,15.6100,15.6200,15.9800,11428930,180180257.0000,3,0.552304,1,-2.252814,0
2018-05-24,sh.600004,15.6200,15.7300,15.5300,15.5500,15.6200,6805532,106348263.0000,3,0.328878,1,-0.448141,0
2018-05-25,sh.600004,15.5900,15.6500,15.2500,15.4000,15.5500,11218296,173285341.0000,3,0.542125,1,-0.964634,0
2018-05-28,sh.600004,15.4500,15.8900,15.3500,15.8800,15.4000,11865296,185993931.0000,3,0.573391,1,3.116887,0
2018-05-29,sh.600004,15.8300,16.1000,15.6700,16.0400,15.8800,15653399,249699730.0000,3,0.756451,1,1.007562,0
2018-05-30,sh.600004,15.8800,16.1700,15.7200,15.8600,16.0400,13182173,209967462.0000,3,0.637029,1,-1.122202,0
2018-05-31,sh.600004,15.9600,16.6600,15.9100,16.6200,15.8600,28507493,465006963.0000,3,1.377626,1,4.791937,0
2018-06-01,sh.600004,16.5200,16.7200,16.2800,16.5600,16.6200,17187486,283441826.0000,3,0.830586,1,-0.361019,0
2018-06-04,sh.600004,16.6300,17.1100,16.6200,17.0900,16.5600,27746285,469179116.0000,3,1.340840,1,3.200487,0
2018-06-05,sh.600004,17.1500,17.5000,17.0000,17.3400,17.0900,17953255,310446283.0000,3,0.867592,1,1.462844,0
2018-06-06,sh.600004,17.3600,18.2500,17.2300,17.9400,17.3400,21760012,388037721.0000,3,1.051553,1,3.460210,0
2018-06-07,sh.600004,17.9400,18.0900,17.5000,17.7800,17.9400,16971877,301120403.0000,3,0.820167,1,-0.891861,0
2018-06-08,sh.600004,17.6300,18.1800,17.5800,17.9200,17.7800,14414530,256880436.0000,3,0.696583,1,0.787398,0
2018-06-11,sh.600004,17.7600,17.9800,17.5500,17.6900,17.9200,10016082,177772035.0000,3,0.484028,1,-1.283480,0
2018-06-12,sh.600004,17.7200,18.8700,17.7000,18.7800,17.6900,23069265,426146526.0000,3,1.114823,1,6.161674,0
2018-06-13,sh.600004,18.5100,18.7700,18.4400,18.6200,18.7800,17435073,324954579.0000,3,0.842551,1,-0.851969,0
2018-06-14,sh.600004,18.5500,18.7200,18.3600,18.4500,18.6200,15158607,280047942.0000,3,0.732540,1,-0.912997,0
2018-06-15,sh.600004,18.4500,18.6900,18.1000,18.4800,18.4500,9937148,182435663.0000,3,0.480213,1,0.162595,0
2018-06-19,sh.600004,16.6300,16.6300,16.6300,16.6300,18.4800,8716700,144958721.0000,3,0.421235,1,-10.010830,0
2018-06-20,sh.600004,14.9700,14.9700,14.9700,14.9700,16.6300,18874200,282546774.0000,3,0.912097,1,-9.981955,0
2018-06-21,sh.600004,14.5000,15.1400,14.5000,14.8200,14.9700,100450354,1491046027.0000,3,4.854268,1,-1.002008,0
2018-06-22,sh.600004,14.2600,14.6400,14.0300,14.2200,14.8200,52171964,744277816.0000,3,2.521212,1,-4.048579,0
2018-06-25,sh.600004,14.2700,14.4200,14.0500,14.2100,14.2200,28744848,409521243.0000,3,1.389096,1,-0.070325,0
2018-06-26,sh.600004,14.1100,14.2500,13.9200,14.0800,14.2100,19480698,273868707.0000,3,0.941406,1,-0.914849,0
2018-06-27,sh.600004,14.0800,14.3000,13.6000,13.6100,14.0800,19568457,273367314.0000,3,0.945646,1,-3.338070,0
2018-06-28,sh.600004,13.4700,13.4900,12.4000,12.5900,13.6100,53828181,696810961.0000,3,2.601249,1,-7.494486,0
2018-06-29,sh.600004,12.7400,13.2400,12.6600,13.0900,12.5900,28146764,364676598.0000,3,1.360194,1,3.971406,0
2018-07-02,sh.600004,13.0500,13.3000,12.7300,12.8000,13.0900,14340171,187753260.0000,3,0.692989,1,-2.215431,0
2018-07-03,sh.600004,13.0000,13.4500,12.7700,13.3800,12.8000,26704991,351108306.0000,3,1.290520,1,4.531250,0
2018-07-04,sh.600004,13.3000,13.4400,13.1100,13.2600,13.3800,18434245,243983357.0000,3,0.890836,1,-0.896860,0
2018-07-05,sh.600004,13.2000,13.3300,12.8600,12.9300,13.2600,14684639,191022717.0000,3,0.709636,1,-2.488687,0
2018-07-06,sh.600004,12.9500,13.4400,12.8200,13.2700,12.9300,15927074,209779264.0000,3,0.769677,1,2.629545,0
2018-07-09,sh.600004,13.3000,14.1000,13.2100,13.9500,13.2700,15306820,210136767.0000,3,0.739703,1,5.124336,0
2018-07-10,sh.600004,13.9900,14.6500,13.9900,14.2800,13.9500,20118802,288482995.0000,3,0.972242,1,2.365591,0
2018-07-11,sh.600004,14.1300,14.3000,13.9100,14.2100,14.2800,13555191,190476692.0000,3,0.655055,1,-0.490194,0
2018-07-12,sh.600004,14.1500,14.6500,14.1500,14.4700,14.2100,10706121,154860974.0000,3,0.517374,1,1.829699,0
2018-07-13,sh.600004,14.3300,14.5800,14.1000,14.2900,14.2300,13248257,189570543.0000,3,0.640223,1,0.421647,0
2018-07-16,sh.600004,14.3300,14.6500,14.1800,14.4100,14.2900,9579094,138476890.0000,3,0.462910,1,0.839747,0
2018-07-17,sh.600004,14.3000,14.5000,14.1700,14.2900,14.4100,10606705,151303475.0000,3,0.512569,1,-0.832754,0
2018-07-18,sh.600004,14.2700,14.6300,14.1600,14.2800,14.2900,11766376,169574967.0000,3,0.568611,1,-0.069981,0
2018-07-19,sh.600004,14.2900,14.3300,13.9700,14.1700,14.2800,11512674,162595376.0000,3,0.556350,1,-0.770306,0
2018-07-20,sh.600004,14.1500,14.3100,13.9500,14.2900,14.1700,8397087,119112533.0000,3,0.405790,1,0.846859,0
2018-07-23,sh.600004,14.2000,14.5500,14.2000,14.2800,14.2900,9218536,132500498.0000,3,0.445486,1,-0.069981,0
2018-07-24,sh.600004,14.2800,14.8400,14.2700,14.6600,14.2800,13774667,200108602.0000,3,0.665661,1,2.661065,0
2018-07-25,sh.600004,14.6000,14.6200,14.3600,14.3800,14.6600,10555414,152475822.0000,3,0.510091,1,-1.909957,0
2018-07-26,sh.600004,14.4400,14.4700,14.1200,14.1300,14.3800,7764493,110904052.0000,3,0.375219,1,-1.738526,0
2018-07-27,sh.600004,14.1000,14.2500,13.9900,14.1200,14.1300,6445642,90950257.0000,3,0.311486,1,-0.070773,0
2018-07-30,sh.600004,14.1200,14.1900,13.6000,13.7300,14.1200,9516611,131645164.0000,3,0.459891,1,-2.762042,0
2018-07-31,sh.600004,13.7000,13.9800,13.7000,13.8700,13.7300,6357594,88229394.0000,3,0.307231,1,1.019668,0
2018-08-01,sh.600004,13.9100,14.4600,13.9100,14.1600,13.8700,11854452,169131876.0000,3,0.572867,1,2.090843,0
2018-08-02,sh.600004,14.1000,14.2500,13.6700,13.8000,14.1600,8665368,120280837.0000,3,0.418754,1,-2.542371,0
2018-08-03,sh.600004,13.8000,13.8600,13.0400,13.2400,13.8000,11331969,151333006.0000,3,0.547618,1,-4.057974,0
2018-08-06,sh.600004,13.1900,13.2900,12.9000,13.0900,13.2400,9734885,128201163.0000,3,0.470439,1,-1.132928,0
2018-08-07,sh.600004,13.1600,13.5500,12.9000,13.5200,13.0900,9175648,122360623.0000,3,0.443414,1,3.284953,0
2018-08-08,sh.600004,13.4500,13.5200,12.9300,13.0700,13.5200,9614828,127107681.0000,3,0.464637,1,-3.328408,0
2018-08-09,sh.600004,13.0600,13.6500,13.0600,13.5400,13.0700,9785757,131756146.0000,3,0.472897,1,3.596024,0
2018-08-10,sh.600004,13.5000,13.8700,13.5000,13.7400,13.5400,8786105,120492285.0000,3,0.424589,1,1.477103,0
2018-08-13,sh.600004,13.6700,13.7300,13.2900,13.4800,13.7400,9491048,127593344.0000,3,0.458655,1,-1.892287,0
2018-08-14,sh.600004,13.5000,13.6200,13.3800,13.5200,13.4800,5111557,69157721.0000,3,0.247016,1,0.296743,0
2018-08-15,sh.600004,13.2600,13.4400,13.0700,13.1400,13.5200,6875720,90760916.0000,3,0.332269,1,-2.810652,0
2018-08-16,sh.600004,13.0900,13.1900,12.8000,13.0100,13.1400,5686726,74149713.0000,3,0.274811,1,-0.989346,0
2018-08-17,sh.600004,13.0700,13.2000,12.5800,12.6400,13.0100,9371672,120140004.0000,3,0.452886,1,-2.843965,0
2018-08-20,sh.600004,12.3300,12.6000,11.8500,12.5400,12.6400,19002457,234313796.0000,3,0.918295,1,-0.791142,0
2018-08-21,sh.600004,12.4300,12.9700,12.4300,12.9300,12.5400,12641917,160475093.0000,3,0.610921,1,3.110051,0
2018-08-22,sh.600004,12.8100,12.8500,12.3700,12.5000,12.9300,13080018,164136393.0000,3,0.632092,1,-3.325602,0
2018-08-23,sh.600004,12.4500,12.6000,12.2600,12.3100,12.5000,9699786,120550476.0000,3,0.468743,1,-1.519997,0
2018-08-24,sh.600004,12.3200,12.5800,12.3100,12.3300,12.3100,10933102,136207365.0000,3,0.528343,1,0.162466,0
2018-08-27,sh.600004,12.4900,12.8000,12.4000,12.7400,12.3300,11125726,140919398.0000,3,0.537651,1,3.325222,0
2018-08-28,sh.600004,12.7200,12.9500,12.6800,12.7800,12.7400,6018607,77094689.0000,3,0.290849,1,0.313972,0
2018-08-29,sh.600004,12.7600,12.7600,12.0100,12.3000,12.7800,10780770,133696999.0000,3,0.520981,1,-3.755865,0
2018-08-30,sh.600004,12.3200,12.5800,12.2600,12.4000,12.3000,11822352,146558142.0000,3,0.571316,1,0.813003,0
2018-08-31,sh.600004,12.5100,12.5200,12.1400,12.2100,12.4000,7839273,95736043.0000,3,0.378833,1,-1.532255,0
2018-09-03,sh.600004,12.1100,12.1700,11.8600,12.0100,12.2100,8893089,106557696.0000,3,0.429759,1,-1.638000,0
2018-09-04,sh.600004,12.0200,12.1600,11.9000,12.1000,12.0100,6520101,78438547.0000,3,0.315084,1,0.749377,0
2018-09-05,sh.600004,12.1100,12.1100,11.7600,11.7900,12.1000,8015815,95268926.0000,3,0.387365,1,-2.561987,0
2018-09-06,sh.600004,11.8500,11.8800,11.5200,11.6000,11.7900,5876377,68626768.0000,3,0.283976,1,-1.611532,0
2018-09-07,sh.600004,11.6000,11.8800,11.5800,11.7600,11.6000,5822824,68461719.0000,3,0.281388,1,1.379309,0
2018-09-10,sh.600004,11.6800,11.7700,11.5100,11.7100,11.7600,4089859,47626087.0000,3,0.197643,1,-0.425172,0
2018-09-11,sh.600004,11.6600,11.9400,11.5600,11.7700,11.7100,9325449,109760049.0000,3,0.450653,1,0.512386,0
2018-09-12,sh.600004,11.7500,11.8600,11.5900,11.7300,11.7700,5297214,62081464.0000,3,0.255988,1,-0.339855,0
2018-09-13,sh.600004,11.8500,11.9700,11.7700,11.8700,11.7300,5114517,60633026.0000,3,0.247159,1,1.193524,0
2018-09-14,sh.600004,11.9100,11.9600,11.7900,11.8700,11.8700,2941443,34937026.0000,3,0.142145,1,0.000000,0
2018-09-17,sh.600004,11.8700,11.9300,11.7100,11.8100,11.8700,3494566,41346050.0000,3,0.168875,1,-0.505471,0
2018-09-18,sh.600004,11.7800,11.9500,11.7000,11.9100,11.8100,4584214,54187974.0000,3,0.221532,1,0.846735,0
2018-09-19,sh.600004,11.8900,12.4100,11.8200,12.3400,11.9100,11108396,136035506.0000,3,0.536814,1,3.610414,0
2018-09-20,sh.600004,12.2500,12.3400,12.1600,12.2800,12.3400,5832959,71396063.0000,3,0.281878,1,-0.486227,0
2018-09-21,sh.600004,12.2600,12.6400,12.2600,12.5700,12.2800,7518411,93759321.0000,3,0.363328,1,2.361563,0
2018-09-25,sh.600004,12.4200,12.5000,12.3100,12.4000,12.5700,3770310,46698102.0000,3,0.182200,1,-1.352427,0
2018-09-26,sh.600004,12.4100,12.7100,12.3800,12.4200,12.4000,12266994,153676089.0000,3,0.592803,1,0.161294,0
2018-09-27,sh.600004,12.4100,12.5800,12.2500,12.2500,12.4200,6634360,82218225.0000,3,0.320606,1,-1.368761,0
2018-09-28,sh.600004,12.3700,12.7700,12.3600,12.7700,12.2500,14764256,186502894.0000,3,0.713483,1,4.244902,0
2018-10-08,sh.600004,12.3300,12.5400,12.1300,12.2500,12.7700,10850691,133568761.0000,3,0.524360,1,-4.072047,0
2018-10-09,sh.600004,12.2600,12.2600,11.8300,11.8800,12.2500,11678124,139732002.0000,3,0.564346,1,-3.020407,0
2018-10-10,sh.600004,11.8100,11.9800,11.7600,11.8500,11.8800,4841398,57476666.0000,3,0.233961,1,-0.252523,0
2018-10-11,sh.600004,11.4400,11.6700,10.9500,11.1500,11.8500,12989153,146423619.0000,3,0.627701,1,-5.907179,0
2018-10-12,sh.600004,11.1200,11.4300,11.0500,11.3800,11.1500,6993929,78682201.0000,3,0.337982,1,2.062785,0
2018-10-15,sh.600004,11.4000,11.5300,11.0200,11.1700,11.3800,5235496,58856092.0000,3,0.253006,1,-1.845343,0
2018-10-16,sh.600004,11.1500,11.1500,10.8900,10.9600,11.1700,5043351,55526533.0000,3,0.243720,1,-1.880036,0
2018-10-17,sh.600004,11.1200,11.1900,10.7700,11.1400,10.9600,7473314,82049148.0000,3,0.361148,1,1.642339,0
2018-10-18,sh.600004,11.0900,11.0900,10.7000,10.8600,11.1400,10633027,115017990.0000,3,0.513841,1,-2.513471,0
2018-10-19,sh.600004,10.6900,11.2200,10.6600,11.0900,10.8600,7769616,85416460.0000,3,0.375467,1,2.117868,0
2018-10-22,sh.600004,11.0900,11.9200,11.0900,11.7800,11.0900,12821023,149349907.0000,3,0.619576,1,6.221817,0
2018-10-23,sh.600004,11.7000,11.9300,11.2100,11.2500,11.7800,7070739,80912375.0000,3,0.341694,1,-4.499149,0
2018-10-24,sh.600004,11.2500,11.4400,11.1600,11.1700,11.2500,5864573,66109507.0000,3,0.283406,1,-0.711110,0
2018-10-25,sh.600004,10.8900,11.0300,10.7600,10.9400,11.1700,8391433,91318865.0000,3,0.405516,1,-2.059091,0
2018-10-26,sh.600004,10.9900,11.0800,10.7800,10.8300,10.9400,6160196,67049757.0000,3,0.297692,1,-1.005481,0
2018-10-29,sh.600004,10.8300,10.8400,10.1800,10.2200,10.8300,14000627,145323347.0000,3,0.676581,1,-5.632499,0
2018-10-30,sh.600004,10.2000,10.2300,9.5000,9.9800,10.2200,28142069,276889523.0000,3,1.359967,1,-2.348344,0
2018-10-31,sh.600004,9.6100,9.9500,9.6100,9.7900,9.9800,29532817,288896760.0000,3,1.427175,1,-1.903803,0
2018-11-01,sh.600004,9.8600,10.0100,9.7300,9.9100,9.7900,28357906,280313036.0000,3,1.370397,1,1.225739,0
2018-11-02,sh.600004,10.1500,10.6200,10.1000,10.6000,9.9100,28005190,289078804.0000,3,1.353352,1,6.962670,0
2018-11-05,sh.600004,10.4000,10.5200,10.1900,10.4300,10.6000,15204344,157260133.0000,3,0.734751,1,-1.603774,0
2018-11-06,sh.600004,10.4000,10.4200,10.0500,10.1200,10.4300,15334178,155788947.0000,3,0.741025,1,-2.972200,0
2018-11-07,sh.600004,10.1700,10.2000,10.0600,10.1100,10.1200,17679377,179060672.0000,3,0.854357,1,-0.098816,0
2018-11-08,sh.600004,10.1800,10.2200,10.0100,10.0200,10.1100,9360618,94481492.0000,3,0.452352,1,-0.890200,0
2018-11-09,sh.600004,9.9800,9.9900,9.8500,9.8700,10.0200,6586409,65201929.0000,3,0.318288,1,-1.497012,0
2018-11-12,sh.600004,9.8800,10.1800,9.7900,10.1200,9.8700,9877257,99302354.0000,3,0.477319,1,2.532928,0
2018-11-13,sh.600004,10.0100,10.2900,9.9400,10.2200,10.1200,15436062,156632001.0000,3,0.745948,1,0.988146,0
2018-11-14,sh.600004,10.3300,10.5000,10.1500,10.1600,10.2200,12304013,126797486.0000,3,0.594592,1,-0.587088,0
2018-11-15,sh.600004,10.0900,10.3100,10.0600,10.2900,10.1600,8525662,87013197.0000,3,0.412003,1,1.279529,0
2018-11-16,sh.600004,10.3100,10.4500,10.2300,10.3500,10.2900,12442136,129053947.0000,3,0.601267,1,0.583094,0
2018-11-19,sh.600004,10.3000,10.4500,10.3000,10.4300,10.3500,7649037,79281319.0000,3,0.369640,1,0.772946,0
2018-11-20,sh.600004,10.3700,10.3700,10.0600,10.0600,10.4300,9780032,99495808.0000,3,0.472620,1,-3.547458,0
2018-11-21,sh.600004,9.9300,10.1500,9.9300,10.1400,10.0600,6767894,68051344.0000,3,0.327059,1,0.795228,0
2018-11-22,sh.600004,10.1400,10.1400,10.0000,10.0300,10.1400,7140051,71702594.0000,3,0.345043,1,-1.084819,0
2018-11-23,sh.600004,10.0700,10.0700,9.7600,9.7600,10.0300,8996670,88704045.0000,3,0.434764,1,-2.691919,0
2018-11-26,sh.600004,9.7800,9.9500,9.7800,9.8600,9.7600,5165690,51077577.0000,3,0.249632,1,1.024584,0
2018-11-27,sh.600004,9.8600,10.0200,9.8600,9.9400,9.8600,5907598,58752184.0000,3,0.285485,1,0.811358,0
2018-11-28,sh.600004,9.9000,10.0400,9.7500,10.0200,9.9400,5701516,56725102.0000,3,0.275526,1,0.804838,0
2018-11-29,sh.600004,10.0700,10.1800,10.0000,10.0100,10.0200,8977313,90669921.0000,3,0.433829,1,-0.099803,0
2018-11-30,sh.600004,10.0000,10.1400,9.9100,10.1300,10.0100,5206841,52419078.0000,3,0.251621,1,1.198800,0
2018-12-03,sh.600004,10.2800,10.7000,10.2200,10.6400,10.1300,19923850,209029204.0000,3,0.962821,1,5.034553,0
2018-12-04,sh.600004,10.5500,10.7400,10.4800,10.7000,10.6400,9921949,105123617.0000,3,0.479479,1,0.563905,0
2018-12-05,sh.600004,10.4900,10.6700,10.4300,10.5600,10.7000,8024367,84726369.0000,3,0.387778,1,-1.308406,0
2018-12-06,sh.600004,10.4600,10.4600,10.2000,10.2400,10.5600,8976984,92249586.0000,3,0.433813,1,-3.030309,0
2018-12-07,sh.600004,10.2400,10.3900,10.2400,10.3300,10.2400,5248165,54148889.0000,3,0.253618,1,0.878908,0
2018-12-10,sh.600004,10.2400,10.4000,10.1800,10.2900,10.3300,7688403,79159021.0000,3,0.371542,1,-0.387221,0
2018-12-11,sh.600004,10.3500,10.5600,10.3000,10.4700,10.2900,8487920,88807436.0000,3,0.410179,1,1.749274,0
2018-12-12,sh.600004,10.5800,10.6000,10.2900,10.4100,10.4700,9046755,94705793.0000,3,0.437185,1,-0.573070,0
2018-12-13,sh.600004,10.4900,11.1000,10.4100,10.8800,10.4100,24829408,268845387.0000,3,1.199882,1,4.514892,0
2018-12-14,sh.600004,10.8800,10.9400,10.5700,10.6000,10.8800,22283956,239856119.0000,3,1.076873,1,-2.573527,0
2018-12-17,sh.600004,10.6500,10.8300,10.4600,10.6900,10.6000,13698293,146230462.0000,3,0.661971,1,0.849049,0
2018-12-18,sh.600004,10.5900,10.8300,10.5600,10.7000,10.6900,9766390,104071296.0000,3,0.471961,1,0.093548,0
2018-12-19,sh.600004,10.7400,10.7800,10.4100,10.4500,10.7000,8244616,87036296.0000,3,0.398421,1,-2.336449,0
2018-12-20,sh.600004,10.3500,10.5600,10.2000,10.5100,10.4500,8554466,88649510.0000,3,0.413395,1,0.574167,0
2018-12-21,sh.600004,10.4000,10.4300,10.1400,10.2300,10.5100,8525911,87275747.0000,3,0.412015,1,-2.664136,0
2018-12-24,sh.600004,10.1700,10.3700,10.0800,10.2800,10.2300,7085982,72642267.0000,3,0.342430,1,0.488760,0
2018-12-25,sh.600004,10.1600,10.2000,9.9900,10.1400,10.2800,6970730,70276227.0000,3,0.336861,1,-1.361862,0
2018-12-26,sh.600004,10.1000,10.1600,9.9300,10.0000,10.1400,5897889,59282117.0000,3,0.285016,1,-1.380674,0
2018-12-27,sh.600004,10.1800,10.2300,9.8000,9.8700,10.0000,11734279,116840952.0000,3,0.567060,1,-1.300001,0
2018-12-28,sh.600004,9.8900,10.0700,9.7900,10.0500,9.8700,7595054,75677909.0000,3,0.367031,1,1.823711,0
2019-01-02,sh.600004,10.0500,10.1200,9.8500,9.9000,10.0500,6433500,63967250.0000,3,0.310899,1,-1.492543,0
2019-01-03,sh.600004,9.9000,9.9500,9.7300,9.7700,9.9000,8317763,81681965.0000,3,0.401956,1,-1.313123,0
2019-01-04,sh.600004,9.7000,9.9700,9.6400,9.9000,9.7700,9233077,90822777.0000,3,0.446189,1,1.330595,0
2019-01-07,sh.600004,9.9900,10.0200,9.8900,9.9400,9.9000,10693238,106348233.0000,3,0.516751,1,0.404040,0
2019-01-08,sh.600004,9.9500,9.9500,9.7500,9.7900,9.9400,10241147,100426762.0000,3,0.494904,1,-1.509051,0
2019-01-09,sh.600004,9.8400,9.9700,9.7800,9.8900,9.7900,14007497,138857795.0000,3,0.676913,1,1.021454,0
2019-01-10,sh.600004,9.8700,9.8700,9.6500,9.7700,9.8900,13690365,133965136.0000,3,0.661587,1,-1.213346,0
2019-01-11,sh.600004,9.7300,9.8000,9.6800,9.7700,9.7700,9406871,91595327.0000,3,0.454587,1,0.000000,0
2019-01-14,sh.600004,9.7700,9.7700,9.5500,9.5700,9.7700,13252747,127545485.0000,3,0.640440,1,-2.047091,0
2019-01-15,sh.600004,9.5900,9.7100,9.5300,9.6900,9.5700,13673335,131643811.0000,3,0.660764,1,1.253917,0
2019-01-16,sh.600004,9.6800,9.7100,9.5600,9.6500,9.6900,10430173,100508651.0000,3,0.504039,1,-0.412796,0
2019-01-17,sh.600004,9.6300,9.8600,9.6000,9.7900,9.6500,24167280,235705065.0000,3,1.167885,1,1.450781,0
2019-01-18,sh.600004,9.8400,10.5900,9.7700,10.3600,9.7900,56614584,577053472.0000,3,2.735902,1,5.822264,0
2019-01-21,sh.600004,10.3600,11.2800,10.3600,10.9500,10.3600,57999110,635645467.0000,3,2.802809,1,5.694983,0
2019-01-22,sh.600004,10.9500,10.9800,10.7100,10.7800,10.9500,28570304,309224783.0000,3,1.380661,1,-1.552512,0
2019-01-23,sh.600004,10.8000,10.8800,10.5800,10.6600,10.7800,20847202,222776086.0000,3,1.007442,1,-1.113171,0
2019-01-24,sh.600004,10.6500,11.0000,10.6500,10.8300,10.6600,29233876,316310173.0000,3,1.412728,1,1.594747,0
2019-01-25,sh.600004,10.7500,11.0400,10.7300,10.8300,10.8300,29795521,324154287.0000,3,1.439870,1,0.000000,0
2019-01-28,sh.600004,10.8700,11.2300,10.8700,11.1500,10.8300,34155500,380055514.0000,3,1.650566,1,2.954752,0
2019-01-29,sh.600004,11.0100,11.2500,10.8500,11.0200,11.1500,25813355,284682041.0000,3,1.247431,1,-1.165912,0
2019-01-30,sh.600004,10.8400,11.6000,10.8000,11.3100,11.0200,26897117,305407340.0000,3,1.299804,1,2.631578,0
2019-01-31,sh.600004,11.3500,11.8500,11.3500,11.8100,11.3100,22843596,267149237.0000,3,1.103918,1,4.420866,0
2019-02-01,sh.600004,11.8700,11.9400,11.3100,11.6000,11.8100,30315659,351093465.0000,3,1.465005,1,-1.778154,0
2019-02-11,sh.600004,11.4900,12.2200,11.4600,12.1600,11.6000,20373679,241104428.0000,3,0.984559,1,4.827581,0
2019-02-12,sh.600004,12.0600,12.2600,12.0100,12.1800,12.1600,18577105,225529145.0000,3,0.897739,1,0.164477,0
2019-02-13,sh.600004,12.1800,12.6600,12.0800,12.5000,12.1800,22499336,279252236.0000,3,1.087281,1,2.627255,0
2019-02-14,sh.600004,12.5000,12.5500,12.2700,12.5100,12.5000,10642198,132674588.0000,3,0.514285,1,0.080002,0
2019-02-15,sh.600004,12.5100,12.5400,12.1300,12.1700,12.5100,12779536,156670192.0000,3,0.617572,1,-2.717827,0
2019-02-18,sh.600004,12.2300,12.9000,12.2200,12.7300,12.1700,15357880,194203059.0000,3,0.742170,1,4.601474,0
2019-02-19,sh.600004,13.2000,13.4500,12.4900,12.6600,12.7300,35185780,452111780.0000,3,1.700354,1,-0.549880,0
2019-02-20,sh.600004,12.6400,12.6900,12.3300,12.4500,12.6600,19267413,239984574.0000,3,0.931099,1,-1.658768,0
2019-02-21,sh.600004,12.3600,12.4700,12.0300,12.1300,12.4500,26447609,324345398.0000,3,1.278082,1,-2.570279,0
2019-02-22,sh.600004,12.2200,12.3500,12.0400,12.3300,12.1300,20077268,245450927.0000,3,0.970235,1,1.648803,0
2019-02-25,sh.600004,12.4200,12.9900,12.2800,12.9500,12.3300,32334019,409755490.0000,3,1.562543,1,5.028385,0
2019-02-26,sh.600004,12.8500,12.8600,12.5800,12.6200,12.9500,21045917,267362544.0000,3,1.017045,1,-2.548262,0
2019-02-27,sh.600004,12.6000,12.6700,12.1800,12.4000,12.6200,16473891,205231500.0000,3,0.796101,1,-1.743267,0
2019-02-28,sh.600004,12.4100,12.4400,12.2700,12.3200,12.4000,9171892,113336919.0000,3,0.443232,1,-0.645161,0
2019-03-01,sh.600004,12.4400,13.1700,12.3600,13.1500,12.3200,29721436,380547995.0000,3,1.436290,1,6.737012,0
2019-03-04,sh.600004,13.1500,14.0600,13.0100,13.6000,13.1500,34987320,475699785.0000,3,1.690764,1,3.422059,0
2019-03-05,sh.600004,13.4900,13.5800,13.2600,13.4400,13.6000,20187022,270809752.0000,3,0.975539,1,-1.176476,0
2019-03-06,sh.600004,13.4200,13.5900,13.1500,13.4900,13.4400,21216972,283441565.0000,3,1.025311,1,0.372025,0
2019-03-07,sh.600004,13.4900,13.5300,13.0800,13.1800,13.4900,18760929,249424773.0000,3,0.906623,1,-2.297995,0
2019-03-08,sh.600004,13.0000,13.1500,12.6900,13.0100,13.1800,21787807,282180582.0000,3,1.052897,1,-1.289834,0
2019-03-11,sh.600004,13.0500,13.5500,13.0200,13.3100,13.0100,20152779,268719342.0000,3,0.973884,1,2.305920,0
2019-03-12,sh.600004,13.5300,13.5600,13.2000,13.3000,13.3100,21198320,283446977.0000,3,1.024410,1,-0.075133,0
2019-03-13,sh.600004,13.2600,13.7000,13.2300,13.3000,13.3000,20256809,273687713.0000,3,0.978911,1,0.000000,0
2019-03-14,sh.600004,13.4000,13.5800,13.0000,13.1700,13.3000,12832469,170873614.0000,3,0.620130,1,-0.977445,0
2019-03-15,sh.600004,13.3300,13.4600,13.0900,13.3000,13.1700,11160652,148623173.0000,3,0.539339,1,0.987093,0
2019-03-18,sh.600004,13.3200,14.2600,13.3000,14.1500,13.3000,24500463,340237585.0000,3,1.183986,1,6.390973,0
2019-03-19,sh.600004,14.1600,14.3700,13.9400,13.9900,14.1500,16716347,234994739.0000,3,0.807818,1,-1.130741,0
2019-03-20,sh.600004,13.9900,14.1200,13.8000,14.0700,13.9900,13541853,189087643.0000,3,0.654411,1,0.571836,0
2019-03-21,sh.600004,14.1100,14.6500,13.9900,14.4300,14.0700,25252115,362639187.0000,3,1.220310,1,2.558640,0
2019-03-22,sh.600004,14.4000,15.0000,14.3100,14.8900,14.4300,22007997,324663261.0000,3,1.063537,1,3.187804,0
2019-03-25,sh.600004,14.6900,15.0500,14.3500,14.4800,14.8900,15508274,227072450.0000,3,0.749438,1,-2.753531,0
2019-03-26,sh.600004,14.4100,14.8000,14.3100,14.4800,14.4800,14259221,207243437.0000,3,0.689077,1,0.000000,0
2019-03-27,sh.600004,14.5100,14.9800,14.4800,14.6000,14.4800,14686692,215971514.0000,3,0.709735,1,0.828735,0
2019-03-28,sh.600004,14.6000,14.8300,14.4000,14.4100,14.6000,11398491,166128631.0000,3,0.550833,1,-1.301373,0
2019-03-29,sh.600004,14.4500,14.8000,14.2800,14.7800,14.4100,17802232,260053761.0000,3,0.860294,1,2.567661,0
2019-04-01,sh.600004,14.8200,15.3700,14.8000,15.0100,14.7800,21987266,331071868.0000,3,1.062536,1,1.556160,0
2019-04-02,sh.600004,15.1600,15.1600,14.6800,14.7000,15.0100,19773772,293161648.0000,3,0.955568,1,-2.065293,0
2019-04-03,sh.600004,14.7000,15.0000,14.6200,14.9500,14.7000,11074213,164100041.0000,3,0.535162,1,1.700680,0
2019-04-04,sh.600004,15.6200,16.4500,14.9000,15.0000,14.9500,41519862,641817482.0000,3,2.006449,1,0.334449,0
2019-04-08,sh.600004,14.8200,14.8500,14.2900,14.4600,15.0000,32076319,466852220.0000,3,1.550089,1,-3.600000,0
2019-04-09,sh.600004,14.4100,14.7600,14.3600,14.4700,14.4600,14028391,203919277.0000,3,0.677923,1,0.069158,0
2019-04-10,sh.600004,14.4000,14.4600,13.9500,14.3000,14.4700,19332294,274936837.0000,3,0.934234,1,-1.174845,0
2019-04-11,sh.600004,14.2500,14.5600,14.0900,14.2500,14.3000,13483858,192889867.0000,3,0.651608,1,-0.349652,0
2019-04-12,sh.600004,14.2200,14.3500,13.9600,14.0700,14.2500,9019341,127165570.0000,3,0.435860,1,-1.263160,0
2019-04-15,sh.600004,14.2500,14.3000,14.0300,14.0500,14.0700,14263559,201716902.0000,3,0.689287,1,-0.142143,0
2019-04-16,sh.600004,13.9700,14.3100,13.9300,14.3000,14.0500,12265863,174291755.0000,3,0.592748,1,1.779359,0
2019-04-17,sh.600004,14.2800,14.3600,14.1300,14.1900,14.3000,13856285,196977800.0000,3,0.669606,1,-0.769235,0
2019-04-18,sh.600004,14.2700,14.3500,14.0500,14.1800,14.1900,8986060,127512845.0000,3,0.434252,1,-0.070467,0
2019-04-19,sh.600004,14.1800,14.4800,14.1300,14.4400,14.1800,11406684,163265029.0000,3,0.551228,1,1.833563,0
2019-04-22,sh.600004,14.4900,14.6000,14.0700,14.1300,14.4400,11457750,163860756.0000,3,0.553696,1,-2.146811,0
2019-04-23,sh.600004,14.1300,14.4300,13.9500,14.1600,14.1300,12404459,176166809.0000,3,0.599446,1,0.212312,0
2019-04-24,sh.600004,14.1600,14.4600,14.1400,14.3300,14.1600,8920879,127376719.0000,3,0.431102,1,1.200565,0
2019-04-25,sh.600004,14.4000,14.9400,14.3100,14.4500,14.3300,21479930,314386101.0000,3,1.038019,1,0.837403,0
2019-04-26,sh.600004,14.3100,14.8000,14.2600,14.5100,14.4500,15425754,225882330.0000,3,0.745450,1,0.415228,0
2019-04-29,sh.600004,14.5000,15.0900,14.4800,15.0400,14.5100,24877159,370170190.0000,3,1.202190,1,3.652652,0
2019-04-30,sh.600004,14.6400,15.3800,14.3000,15.2400,15.0400,28690835,428177808.0000,3,1.386486,1,1.329786,0
2019-05-06,sh.600004,14.7500,15.3500,14.3000,15.0900,15.2400,26828818,398880760.0000,3,1.296504,1,-0.984249,0
2019-05-07,sh.600004,15.0500,16.0800,14.7500,15.9700,15.0900,31652300,492330263.0000,3,1.529599,1,5.831677,0
2019-05-08,sh.600004,15.9000,16.6200,15.5300,15.9000,15.9700,31518514,510146617.0000,3,1.523134,1,-0.438326,0
2019-05-09,sh.600004,15.4500,15.8400,14.6700,14.7800,15.9000,27982265,422444664.0000,3,1.352244,1,-7.044025,0
2019-05-10,sh.600004,15.1000,16.2600,14.9600,16.2600,14.7800,25352225,395187109.0000,3,1.225147,1,10.013540,0
2019-05-13,sh.600004,16.1800,16.7700,15.9800,16.5200,16.2600,18171010,297547834.0000,3,0.878115,1,1.599017,0
2019-05-14,sh.600004,16.3000,16.4800,15.8200,15.8800,16.5200,19333246,311222836.0000,3,0.934280,1,-3.874094,0
2019-05-15,sh.600004,15.9000,16.3600,15.7800,16.0800,15.8800,18870491,302483853.0000,3,0.911917,1,1.259445,0
2019-05-16,sh.600004,15.9500,16.6800,15.9000,16.5800,16.0800,16277011,265329180.0000,3,0.786587,1,3.109453,0
2019-05-17,sh.600004,16.4400,16.7900,16.1000,16.1900,16.5800,15742497,258772014.0000,3,0.760757,1,-2.352228,0
2019-05-20,sh.600004,16.0700,16.2700,15.3700,15.8700,16.1900,14014011,220716330.0000,3,0.677228,1,-1.976533,0
2019-05-21,sh.600004,15.9300,16.5400,15.7800,16.3500,15.8700,16252484,264951134.0000,3,0.785402,1,3.024578,0
2019-05-22,sh.600004,16.3300,16.8500,16.1300,16.6900,16.3500,15292555,254084790.0000,3,0.739013,1,2.079512,0
2019-05-23,sh.600004,16.5300,16.8400,16.2600,16.7000,16.6900,11828340,195761453.0000,3,0.571605,1,0.059917,0
2019-05-24,sh.600004,16.6400,16.7800,16.0100,16.3000,16.7000,11713867,191566231.0000,3,0.566073,1,-2.395219,0
2019-05-27,sh.600004,16.2100,16.2900,15.7800,16.1800,16.3000,14179934,226907618.0000,3,0.685246,1,-0.736190,0
2019-05-28,sh.600004,16.1800,16.2400,15.8500,15.9200,16.1800,16232610,259807384.0000,3,0.784442,1,-1.606924,0
2019-05-29,sh.600004,15.7000,15.8600,15.5000,15.8000,15.9200,14584911,229084837.0000,3,0.704816,1,-0.753768,0
2019-05-30,sh.600004,15.6400,15.7500,15.2700,15.5500,15.8000,17073550,264203679.0000,3,0.825080,1,-1.582278,0
2019-05-31,sh.600004,15.5300,15.8200,15.4600,15.6700,15.5500,11495940,179842736.0000,3,0.555542,1,0.771703,0
2019-06-03,sh.600004,15.7000,16.1300,15.5100,15.7500,15.6700,11804681,186764537.0000,3,0.570462,1,0.510529,0
2019-06-04,sh.600004,15.5500,15.8800,15.3300,15.5900,15.7500,8019627,124812043.0000,3,0.387549,1,-1.015872,0
2019-06-05,sh.600004,15.7500,15.8300,15.3200,15.3300,15.5900,6194190,96036275.0000,3,0.299334,1,-1.667737,0
2019-06-06,sh.600004,15.4700,15.4700,14.8800,14.9600,15.3300,11948312,180314782.0000,3,0.577403,1,-2.413567,0
2019-06-10,sh.600004,15.0000,15.7000,14.9700,15.6400,14.9600,11954818,184429446.0000,3,0.577717,1,4.545456,0
2019-06-11,sh.600004,15.5100,16.2300,15.5100,16.1400,15.6400,13659489,217832080.0000,3,0.660095,1,3.196925,0
2019-06-12,sh.600004,16.1200,16.2800,15.9500,16.0900,16.1400,7742649,124718488.0000,3,0.374164,1,-0.309785,0
2019-06-13,sh.600004,16.0100,16.1300,15.7800,15.9400,16.0900,7840898,124892409.0000,3,0.378912,1,-0.932260,0
2019-06-14,sh.600004,15.9400,16.1400,15.7700,15.8000,15.9400,8777947,139596756.0000,3,0.424195,1,-0.878290,0
2019-06-17,sh.600004,15.8000,15.9700,15.5900,15.6800,15.8000,7951844,125454179.0000,3,0.384273,1,-0.759493,0
2019-06-18,sh.600004,15.7800,16.3200,15.6700,16.1800,15.6800,12234111,196411325.0000,3,0.591214,1,3.188776,0
2019-06-19,sh.600004,16.4800,16.7500,16.2300,16.2900,16.1800,11859098,195000124.0000,3,0.573091,1,0.679855,0
2019-06-20,sh.600004,16.3700,17.6500,16.3300,17.1600,16.2900,23032060,392272412.0000,3,1.113025,1,5.340693,0
2019-06-21,sh.600004,17.1400,17.4400,16.9000,17.0200,17.1600,12653711,215911100.0000,3,0.611491,1,-0.815847,0
2019-06-24,sh.600004,17.0600,17.7700,16.8500,17.6500,17.0200,14595870,254325574.0000,3,0.705346,1,3.701523,0
2019-06-25,sh.600004,17.6300,17.9500,17.4300,17.8200,17.6500,11397726,201495123.0000,3,0.550796,1,0.963173,0
2019-06-26,sh.600004,17.6100,17.8300,17.4900,17.7200,17.8200,8278440,146158782.0000,3,0.400056,1,-0.561169,0
2019-06-27,sh.600004,17.6200,18.1600,17.6200,17.8300,17.7200,11080026,198473051.0000,3,0.535443,1,0.620771,0
2019-06-28,sh.600004,17.7000,18.2500,17.5100,18.2000,17.8300,10975707,196024151.0000,3,0.530401,1,2.075159,0
2019-07-01,sh.600004,18.2900,19.1500,18.2900,18.6800,18.2000,14906151,278458005.0000,3,0.720340,1,2.637360,0
2019-07-02,sh.600004,18.5200,18.8100,18.4300,18.6800,18.6800,8465221,157610333.0000,3,0.409082,1,0.000000,0
2019-07-03,sh.600004,18.5700,18.5700,17.2500,17.5800,18.6800,34192868,608724161.0000,3,1.652372,1,-5.888653,0
2019-07-04,sh.600004,17.5000,17.5000,16.3000,16.4100,17.5800,47115944,787912427.0000,3,2.276880,1,-6.655291,0
2019-07-05,sh.600004,16.5000,16.9500,16.3700,16.7800,16.4100,34150388,572409717.0000,3,1.650319,1,2.254728,0
2019-07-08,sh.600004,16.9900,17.0700,16.3800,16.6500,16.7800,23691878,396102971.0000,3,1.144911,1,-0.774738,0
2019-07-09,sh.600004,16.5800,17.2300,16.4900,17.0100,16.6500,20033852,340194179.0000,3,0.968137,1,2.162166,0
2019-07-10,sh.600004,16.9900,17.4800,16.9500,17.3400,17.0100,12795826,221139288.0000,3,0.618359,1,1.940035,0
2019-07-11,sh.600004,17.4200,17.6400,17.1100,17.2000,17.3400,11406281,197819793.0000,3,0.551209,1,-0.807378,0
2019-07-12,sh.600004,17.2500,17.6500,17.1500,17.6000,17.2000,8745280,152804017.0000,3,0.422616,1,2.325579,0
2019-07-15,sh.600004,17.5000,17.5600,16.9200,17.3400,17.6000,11096647,191249260.0000,3,0.536246,1,-1.477274,0
2019-07-16,sh.600004,17.3000,17.3000,16.9600,17.0600,17.3400,8622939,147190799.0000,3,0.416704,1,-1.614768,0
2019-07-17,sh.600004,16.9500,17.2100,16.8500,17.0600,17.0600,5474300,93403077.0000,3,0.264546,1,0.000000,0
2019-07-18,sh.600004,16.9300,17.0600,16.7500,16.8300,17.0600,5966159,101114556.0000,3,0.288315,1,-1.348180,0
2019-07-19,sh.600004,16.9000,17.3000,16.8600,16.8900,16.8300,7810105,133148449.0000,3,0.377424,1,0.356503,0
2019-07-22,sh.600004,16.9300,17.0400,16.5400,16.8500,16.8900,13078475,219385863.0000,3,0.632018,1,-0.236821,0
2019-07-23,sh.600004,16.8000,16.8000,16.6000,16.7000,16.8500,7279605,121461866.0000,3,0.351787,1,-0.890205,0
2019-07-24,sh.600004,16.6900,17.2900,16.6900,17.1700,16.7000,13792089,236720319.0000,3,0.666503,1,2.814367,0
2019-07-25,sh.600004,17.1700,17.2400,17.0200,17.1900,17.1700,6420784,110081778.0000,3,0.310285,1,0.116485,0
2019-07-26,sh.600004,17.1700,17.7600,17.1300,17.7600,17.1900,11278862,198087605.0000,3,0.545100,1,3.315900,0
2019-07-29,sh.600004,17.6900,18.0400,17.5800,17.8600,17.7600,12137775,216915662.0000,3,0.586558,1,0.563065,0
2019-07-30,sh.600004,18.0000,18.0000,17.6500,17.8100,17.8600,7164863,127433470.0000,3,0.346200,1,-0.280000,0
2019-07-31,sh.600004,17.6500,17.7900,17.4600,17.6300,17.8100,6522729,114871706.0000,3,0.315200,1,-1.010700,0
2019-08-01,sh.600004,17.7200,17.8200,17.4500,17.7900,17.6300,9580798,169331634.0000,3,0.463000,1,0.907600,0
2019-08-02,sh.600004,17.4000,17.8100,17.3800,17.5100,17.7900,9101529,159813155.0000,3,0.439800,1,-1.573900,0
2019-08-05,sh.600004,17.5500,18.0000,17.0000,17.1000,17.5100,12871785,224983741.0000,3,0.622000,1,-2.341500,0
2019-08-06,sh.600004,16.8500,17.0500,16.7200,16.9300,17.1000,11433868,193369607.0000,3,0.552500,1,-0.994200,0
2019-08-07,sh.600004,17.0700,17.5700,16.9500,17.1400,16.9300,10541178,182194055.0000,3,0.509400,1,1.240400,0
2019-08-08,sh.600004,17.2400,17.8300,17.2400,17.5500,17.1400,11895086,209411287.0000,3,0.574800,1,2.392100,0
2019-08-09,sh.600004,17.4900,17.7100,17.1100,17.2400,17.3800,10479627,182159190.0000,3,0.506400,1,-0.805500,0
2019-08-12,sh.600004,17.1000,18.4600,17.1000,18.2900,17.2400,20238121,363881206.0000,3,0.978000,1,6.090500,0
2019-08-13,sh.600004,18.3300,19.3900,18.1300,19.1100,18.2900,33342571,629290368.0000,3,1.611300,1,4.483300,0
2019-08-14,sh.600004,19.1800,19.1800,17.9200,18.0600,19.1100,31570468,578035402.0000,3,1.525600,1,-5.494500,0
2019-08-15,sh.600004,17.6500,18.3700,17.5000,18.0800,18.0600,15569805,280210110.0000,3,0.752400,1,0.110700,0
2019-08-16,sh.600004,18.0800,18.3700,17.8100,18.1800,18.0800,13342996,241747382.0000,3,0.644800,1,0.553100,0
2019-08-19,sh.600004,18.4000,18.9900,18.2100,18.4400,18.1800,13407222,247805350.0000,3,0.647900,1,1.430100,0
2019-08-20,sh.600004,18.4000,18.4700,18.1300,18.3200,18.4400,8440543,154445058.0000,3,0.407900,1,-0.650800,0
2019-08-21,sh.600004,18.2800,18.3100,18.0200,18.1200,18.3200,7539061,136786568.0000,3,0.364300,1,-1.091700,0
2019-08-22,sh.600004,18.0800,18.4900,18.0000,18.4000,18.1200,7076705,129616022.0000,3,0.342000,1,1.545200,0
2019-08-23,sh.600004,18.4000,18.7100,18.2300,18.6100,18.4000,7985631,147607150.0000,3,0.385900,1,1.141300,0
2019-08-26,sh.600004,18.2600,18.9000,18.1600,18.8100,18.6100,10258323,190666065.0000,3,0.495700,1,1.074700,0
2019-08-27,sh.600004,18.8500,19.0900,18.4800,18.8900,18.8100,10265443,193033098.0000,3,0.496100,1,0.425300,0
2019-08-28,sh.600004,18.8500,19.0400,18.7200,18.9500,18.8900,7502575,142013076.0000,3,0.362600,1,0.317600,0
2019-08-29,sh.600004,18.9500,19.4400,18.9500,19.0300,18.9500,10689105,205146178.0000,3,0.516600,1,0.422200,0
2019-08-30,sh.600004,19.0300,19.3900,18.2600,18.7000,19.0300,7979611,150913508.0000,3,0.385600,1,-1.734100,0
2019-09-02,sh.600004,18.6200,19.1800,18.6000,19.1100,18.7000,9824948,186485769.0000,3,0.474800,1,2.192500,0
2019-09-03,sh.600004,19.0900,19.5100,19.0700,19.5000,19.1100,10063301,194542599.0000,3,0.486300,1,2.040800,0
2019-09-04,sh.600004,19.3500,20.2900,19.2200,20.0600,19.5000,16145100,320715253.0000,3,0.780200,1,2.871800,0
2019-09-05,sh.600004,20.1000,20.8000,20.1000,20.3100,20.0600,11087276,227154021.0000,3,0.535800,1,1.246300,0
2019-09-06,sh.600004,20.6400,20.7000,20.0200,20.6400,20.3100,7758503,158591325.0000,3,0.374900,1,1.624800,0
2019-09-09,sh.600004,20.8000,21.0000,20.3800,20.6500,20.6400,9234428,190608397.0000,3,0.446300,1,0.048500,0
2019-09-10,sh.600004,20.7700,20.7700,20.0300,20.1900,20.6500,12325986,249411406.0000,3,0.595700,1,-2.227600,0
2019-09-11,sh.600004,20.3600,20.3600,19.6800,19.8500,20.1900,10935581,217737489.0000,3,0.528500,1,-1.684000,0
2019-09-12,sh.600004,20.0400,20.3500,19.7400,20.0900,19.8500,6896988,138495023.0000,3,0.333300,1,1.209100,0
2019-09-16,sh.600004,20.2900,20.2900,19.8100,20.0700,20.0900,6414095,128831860.0000,3,0.310000,1,-0.099600,0
2019-09-17,sh.600004,20.0600,20.1500,19.5100,19.7000,20.0700,7131990,141111131.0000,3,0.344700,1,-1.843500,0
2019-09-18,sh.600004,19.7000,21.1800,19.7000,20.9400,19.7000,15576078,321434926.0000,3,0.752700,1,6.294400,0
2019-09-19,sh.600004,21.0500,21.1800,20.6700,20.9800,20.9400,7882955,164506389.0000,3,0.380900,1,0.191000,0
2019-09-20,sh.600004,20.9800,21.5300,20.8100,21.2600,20.9800,10717425,226538188.0000,3,0.517900,1,1.334600,0
2019-09-23,sh.600004,21.1300,21.4500,20.9000,21.2200,21.2600,7817595,165867940.0000,3,0.377800,1,-0.188200,0
2019-09-24,sh.600004,21.2700,22.9000,21.2700,22.6500,21.2200,13003663,289098790.0000,3,0.628400,1,6.738900,0
2019-09-25,sh.600004,22.6900,22.8100,22.0900,22.3400,22.6500,9908553,222051365.0000,3,0.478800,1,-1.368700,0
2019-09-26,sh.600004,22.3500,23.3500,22.0900,22.3000,22.3400,15353217,348143651.0000,3,0.741900,1,-0.179100,0
2019-09-27,sh.600004,22.4600,22.6100,21.3700,22.4000,22.3000,9379175,208411145.0000,3,0.453200,1,0.448400,0
2019-09-30,sh.600004,22.4800,23.1300,22.2000,22.4500,22.4000,7872095,178051654.0000,3,0.380400,1,0.223200,0
2019-10-08,sh.600004,22.4500,23.2900,22.2300,22.9600,22.4500,16224595,372208603.0000,3,0.784100,1,2.271700,0
2019-10-09,sh.600004,22.9700,23.2900,22.4000,23.0300,22.9600,12010663,273668041.0000,3,0.580400,1,0.304900,0
2019-10-10,sh.600004,23.0000,23.6900,22.8300,23.4600,23.0300,10640485,247979268.0000,3,0.514200,1,1.867100,0
2019-10-11,sh.600004,23.2400,23.6700,22.8900,23.5000,23.4600,11839141,275841475.0000,3,0.572100,1,0.170500,0
2019-10-14,sh.600004,23.5100,23.6000,22.4500,22.5800,23.5000,22662780,515179789.0000,3,1.095200,1,-3.914900,0
2019-10-15,sh.600004,22.4000,23.0200,21.9600,22.9000,22.5800,14566396,330789488.0000,3,0.703900,1,1.417200,0
2019-10-16,sh.600004,22.7500,22.9800,22.2200,22.5000,22.9000,10635838,239417196.0000,3,0.514000,1,-1.746700,0
2019-10-17,sh.600004,22.6000,22.6600,22.2900,22.4400,22.5000,7155467,160750692.0000,3,0.345800,1,-0.266700,0
2019-10-18,sh.600004,22.4500,22.7100,21.9000,21.9400,22.4400,11159528,247378640.0000,3,0.539300,1,-2.228200,0
2019-10-21,sh.600004,22.0000,22.2200,21.5100,21.7000,21.9400,10217795,221946381.0000,3,0.493800,1,-1.093900,0
2019-10-22,sh.600004,21.7600,21.8300,21.2400,21.5700,21.7000,13405082,287964697.0000,3,0.647800,1,-0.599100,0
2019-10-23,sh.600004,21.6500,22.0500,21.0000,21.2300,21.5700,11980175,257737247.0000,3,0.578900,1,-1.576300,0
2019-10-24,sh.600004,21.3200,21.3800,20.7500,20.9700,21.2300,17035409,357130175.0000,3,0.823200,1,-1.224700,0
2019-10-25,sh.600004,21.0700,21.2300,20.7000,21.0600,20.9700,13155778,276754401.0000,3,0.635800,1,0.429200,0
2019-10-28,sh.600004,21.3800,21.5300,20.9200,21.0000,21.0600,10954165,231388591.0000,3,0.529400,1,-0.284900,0
2019-10-29,sh.600004,20.1000,20.1000,18.9000,18.9000,21.0000,27932903,532368240.0000,3,1.349900,1,-10.000000,0
2019-10-30,sh.600004,18.2000,18.7900,18.2000,18.5000,18.9000,43806542,808141253.0000,3,2.117000,1,-2.116400,0
2019-10-31,sh.600004,18.5100,18.5800,17.4200,18.3000,18.5000,61123243,1093193807.0000,3,2.953800,1,-1.081100,0
2019-11-01,sh.600004,18.0200,18.1600,17.7100,18.1100,18.3000,40800811,731322256.0000,3,1.971700,1,-1.038200,0
2019-11-04,sh.600004,18.0100,18.8500,17.9600,18.5800,18.1100,39444859,732041333.0000,3,1.906200,1,2.595200,0
2019-11-05,sh.600004,18.7400,18.7800,18.1600,18.4800,18.5800,34697992,640543661.0000,3,1.676800,1,-0.538200,0
2019-11-06,sh.600004,18.5100,18.5100,17.8800,18.1100,18.4800,24175071,437419344.0000,3,1.168300,1,-2.002200,0
2019-11-07,sh.600004,18.1300,18.1700,17.8900,18.1300,18.1100,17067530,307676449.0000,3,0.824800,1,0.110400,0
2019-11-08,sh.600004,18.1500,18.4000,17.9800,18.1100,18.1300,16083562,292120394.0000,3,0.777200,1,-0.110300,0
2019-11-11,sh.600004,17.8700,18.0000,17.2800,17.3000,18.1100,25666002,451216712.0000,3,1.240300,1,-4.472700,0
2019-11-12,sh.600004,17.3700,17.5400,17.1900,17.3500,17.3000,15114512,262281470.0000,3,0.730400,1,0.289000,0
2019-11-13,sh.600004,17.3900,17.6500,17.1200,17.2800,17.3500,15276901,264391130.0000,3,0.738300,1,-0.403500,0
2019-11-14,sh.600004,17.3600,17.4700,17.1600,17.3100,17.2800,20650701,358295795.0000,3,0.997900,1,0.173600,0
2019-11-15,sh.600004,17.3300,17.4900,17.2500,17.3200,17.3100,11655111,202440679.0000,3,0.563200,1,0.057800,0
2019-11-18,sh.600004,17.2800,17.8000,17.1500,17.6700,17.3200,20641127,362912322.0000,3,0.997500,1,2.020800,0
2019-11-19,sh.600004,17.7200,17.7300,17.4600,17.6300,17.6700,16071972,283577926.0000,3,0.776700,1,-0.226400,0
2019-11-20,sh.600004,17.6300,18.0000,17.4700,17.5600,17.6300,17344534,307209544.0000,3,0.838200,1,-0.397000,0
2019-11-21,sh.600004,17.4900,17.5000,17.0100,17.1100,17.5600,18618440,319662950.0000,3,0.899700,1,-2.562600,0
2019-11-22,sh.600004,17.1200,17.2300,16.5500,16.7100,17.1100,19955213,336707862.0000,3,0.964300,1,-2.337800,0
2019-11-25,sh.600004,16.6600,16.8400,16.3400,16.4300,16.7100,19421666,321070353.0000,3,0.938600,1,-1.675600,0
2019-11-26,sh.600004,16.4600,16.8300,16.2000,16.4400,16.4300,34124125,563805365.0000,3,1.649000,1,0.060900,0
2019-11-27,sh.600004,16.4600,16.8200,16.3800,16.7500,16.4400,21079231,351062282.0000,3,1.018700,1,1.885600,0
2019-11-28,sh.600004,17.1700,17.5600,17.0100,17.2600,16.7500,32866106,567149150.0000,3,1.588300,1,3.044800,0
2019-11-29,sh.600004,17.3300,17.3800,16.5400,16.7000,17.2600,21781701,366941282.0000,3,1.052600,1,-3.244500,0
2019-12-02,sh.600004,16.7300,17.1600,16.6700,16.8100,16.7000,15640314,263939669.0000,3,0.755800,1,0.658700,0
2019-12-03,sh.600004,16.8100,17.1000,16.5700,17.0700,16.8100,12435146,208915520.0000,3,0.600900,1,1.546700,0
2019-12-04,sh.600004,17.0000,17.1400,16.9200,17.0800,17.0700,11193274,190795211.0000,3,0.540900,1,0.058600,0
2019-12-05,sh.600004,17.2000,17.7100,17.1100,17.6000,17.0800,23472321,410087706.0000,3,1.134300,1,3.044500,0
2019-12-06,sh.600004,17.7000,17.9200,17.4500,17.8100,17.6000,14180777,251290221.0000,3,0.685300,1,1.193200,0
2019-12-09,sh.600004,17.8100,17.9300,17.4600,17.5800,17.8100,10541458,186037436.0000,3,0.509400,1,-1.291400,0
2019-12-10,sh.600004,17.5000,17.6000,17.3100,17.3800,17.5800,11203387,194800929.0000,3,0.541400,1,-1.137700,0
2019-12-11,sh.600004,17.4400,17.6500,17.3200,17.6000,17.3800,9173678,160229175.0000,3,0.443300,1,1.265800,0
2019-12-12,sh.600004,17.5900,17.6100,17.2600,17.2800,17.6000,9235747,160331294.0000,3,0.446300,1,-1.818200,0
2019-12-13,sh.600004,17.4500,17.4800,17.3200,17.4500,17.2800,15556430,270768581.0000,3,0.751800,1,0.983800,0
2019-12-16,sh.600004,17.5000,18.1800,17.4300,18.0400,17.4500,28601175,509157878.0000,3,1.382200,1,3.381100,0
2019-12-17,sh.600004,18.0900,18.3700,17.8400,18.2800,18.0400,19414753,353039353.0000,3,0.938200,1,1.330400,0
2019-12-18,sh.600004,18.2000,18.3900,18.0600,18.0700,18.2800,11053482,201311530.0000,3,0.534200,1,-1.148800,0
2019-12-19,sh.600004,18.0100,18.3300,18.0000,18.1500,18.0700,7982765,145164838.0000,3,0.385800,1,0.442700,0
2019-12-20,sh.600004,18.2000,18.2200,17.8900,18.1300,18.1500,8548440,154357490.0000,3,0.413100,1,-0.110200,0
2019-12-23,sh.600004,18.0500,18.0500,17.6800,17.7500,18.1300,12052936,215219322.0000,3,0.582500,1,-2.096000,0
2019-12-24,sh.600004,17.7400,17.7700,17.5100,17.7700,17.7500,7163237,126221457.0000,3,0.346200,1,0.112700,0
2019-12-25,sh.600004,17.7200,17.7600,17.5800,17.6600,17.7700,6108911,107776699.0000,3,0.295200,1,-0.619000,0
2019-12-26,sh.600004,17.6500,17.8100,17.6000,17.7500,17.6600,6965681,123205240.0000,3,0.336600,1,0.509600,0
2019-12-27,sh.600004,17.7700,17.8500,17.5000,17.6300,17.7500,11884928,209959920.0000,3,0.574300,1,-0.676100,0
2019-12-30,sh.600004,17.4100,17.7900,17.1800,17.7900,17.6300,13506035,236541161.0000,3,0.652700,1,0.907600,0
2019-12-31,sh.600004,17.7700,17.9200,17.4100,17.4500,17.7900,16125231,283534549.0000,3,0.779300,1,-1.911200,0
2020-01-02,sh.600004,17.5600,17.6200,17.4000,17.5200,17.4500,17792404,311394028.0000,3,0.859800,1,0.401100,0
2020-01-03,sh.600004,17.6100,17.6200,17.3100,17.3800,17.5200,16314649,284126626.0000,3,0.788400,1,-0.799100,0
2020-01-06,sh.600004,17.2400,17.2400,16.9500,17.0800,17.3800,21455327,366006757.0000,3,1.036800,1,-1.726100,0
2020-01-07,sh.600004,17.0600,17.2900,16.9000,17.2600,17.0800,16800760,287242100.0000,3,0.811900,1,1.053900,0
2020-01-08,sh.600004,17.2100,17.3300,16.9500,17.0900,17.2600,16681509,284963344.0000,3,0.806100,1,-0.984900,0
2020-01-09,sh.600004,17.1700,17.3400,17.0000,17.1800,17.0900,13289255,228140223.0000,3,0.642200,1,0.526600,0
2020-01-10,sh.600004,17.2500,17.9100,17.0900,17.8500,17.1800,28620381,502746203.0000,3,1.383100,1,3.899900,0
2020-01-13,sh.600004,17.8200,18.3000,17.7000,18.1000,17.8500,27538492,498436468.0000,3,1.330800,1,1.400600,0
2020-01-14,sh.600004,18.1000,18.1800,17.7200,17.8200,18.1000,15483288,276828326.0000,3,0.748200,1,-1.547000,0
2020-01-15,sh.600004,17.8000,17.9400,17.6400,17.7900,17.8200,10198978,181021968.0000,3,0.492900,1,-0.168300,0
2020-01-16,sh.600004,17.7900,17.8400,17.6000,17.6400,17.7900,8889679,157448363.0000,3,0.429600,1,-0.843200,0
2020-01-17,sh.600004,17.6400,17.8000,17.6100,17.6500,17.6400,8847922,156431858.0000,3,0.427600,1,0.056700,0
2020-01-20,sh.600004,17.6000,17.6500,16.7300,17.0800,17.6500,30944308,525831530.0000,3,1.495400,1,-3.229500,0
2020-01-21,sh.600004,16.7900,16.9700,16.6500,16.7800,17.0800,22047146,370416611.0000,3,1.065400,1,-1.756400,0
2020-01-22,sh.600004,16.6700,16.9000,16.5900,16.6900,16.7800,12879071,215292873.0000,3,0.622400,1,-0.536400,0
2020-01-23,sh.600004,16.5000,16.5000,15.0500,15.3400,16.6900,43961567,690745231.0000,3,2.124400,1,-8.088700,0
2020-02-03,sh.600004,13.8100,14.6000,13.8100,14.4000,15.3400,58974626,827006876.0000,3,2.850000,1,-6.127800,0
2020-02-04,sh.600004,14.3500,15.3600,14.2500,15.2500,14.4000,33035754,496923644.0000,3,1.596500,1,5.902800,0
2020-02-05,sh.600004,15.2500,15.6600,15.1100,15.3300,15.2500,21091787,324625275.0000,3,1.019300,1,0.524600,0
2020-02-06,sh.600004,15.3000,15.4800,15.1300,15.3900,15.3300,12835665,197032161.0000,3,0.620300,1,0.391400,0
2020-02-07,sh.600004,15.3900,15.6100,15.2000,15.5800,15.3900,10382232,159265985.0000,3,0.501700,1,1.234600,0
2020-02-10,sh.600004,15.4900,16.1500,15.3800,16.0000,15.5800,16954462,269599996.0000,3,0.819300,1,2.695800,0
2020-02-11,sh.600004,16.0000,16.2000,15.8300,15.9700,16.0000,8191794,131025838.0000,3,0.395900,1,-0.187500,0
2020-02-12,sh.600004,15.8500,16.1100,15.8100,15.9900,15.9700,9055254,144679210.0000,3,0.437600,1,0.125200,0
2020-02-13,sh.600004,16.0000,16.0600,15.6000,15.7000,15.9900,9914291,156528970.0000,3,0.479100,1,-1.813600,0
2020-02-14,sh.600004,15.7000,15.8100,15.6000,15.8100,15.7000,5995797,94128033.0000,3,0.289700,1,0.700600,0
2020-02-17,sh.600004,15.8400,16.0000,15.7500,16.0000,15.8100,11843599,188832533.0000,3,0.572300,1,1.201800,0
2020-02-18,sh.600004,16.0000,16.0500,15.7600,15.8800,16.0000,11035403,175062615.0000,3,0.533300,1,-0.750000,0
2020-02-19,sh.600004,15.8400,16.0400,15.7300,15.8400,15.8800,10430481,165694129.0000,3,0.504100,1,-0.251900,0
2020-02-20,sh.600004,15.8800,17.2500,15.8600,17.0100,15.8400,34459201,577358745.0000,3,1.665200,1,7.386400,0
2020-02-21,sh.600004,17.0500,17.2800,16.7500,17.0900,17.0100,18380258,313442878.0000,3,0.888200,1,0.470300,0
2020-02-24,sh.600004,16.8400,16.9900,16.2500,16.3200,17.0900,26544066,435986222.0000,3,1.282700,1,-4.505600,0
2020-02-25,sh.600004,15.9400,16.1500,15.6300,15.8300,16.3200,19639180,311364489.0000,3,0.949100,1,-3.002400,0
2020-02-26,sh.600004,15.6000,16.0800,15.2500,15.8600,15.8300,22218918,347681830.0000,3,1.073700,1,0.189500,0
2020-02-27,sh.600004,15.8000,15.9000,15.5100,15.7300,15.8600,12301383,193215572.0000,3,0.594500,1,-0.819700,0
2020-02-28,sh.600004,15.3500,15.5100,15.1100,15.4800,15.7300,14192982,217005296.0000,3,0.685900,1,-1.589300,0
2020-03-02,sh.600004,15.3800,15.9400,15.3300,15.8200,15.4800,13072919,205121195.0000,3,0.631700,1,2.196400,0
2020-03-03,sh.600004,15.8500,16.2800,15.8500,16.0700,15.8200,11643731,186868075.0000,3,0.562700,1,1.580300,0
2020-03-04,sh.600004,15.9400,16.4000,15.8300,16.3000,16.0700,12391656,200544695.0000,3,0.598800,1,1.431200,0
2020-03-05,sh.600004,16.3900,16.9300,16.2200,16.7800,16.3000,20661394,343467715.0000,3,0.998500,1,2.944800,0
2020-03-06,sh.600004,16.5800,16.7500,16.1600,16.2900,16.7800,14021115,230286746.0000,3,0.677600,1,-2.920100,0
2020-03-09,sh.600004,15.9400,15.9400,15.4300,15.5000,16.2900,16295859,254915927.0000,3,0.787500,1,-4.849600,0
2020-03-10,sh.600004,15.2900,15.8900,15.2900,15.7800,15.5000,14796100,231197455.0000,3,0.715000,1,1.806400,0
2020-03-11,sh.600004,15.8000,16.0200,15.5600,15.6100,15.7800,10348510,162953229.0000,3,0.500100,1,-1.077300,0
2020-03-12,sh.600004,15.4500,15.4600,14.9300,14.9700,15.6100,19111723,287549235.0000,3,0.923600,1,-4.099900,0
2020-03-13,sh.600004,14.2800,14.7800,14.2500,14.5000,14.9700,18418795,266464995.0000,3,0.890100,1,-3.139600,0
2020-03-16,sh.600004,14.5100,14.6000,13.3300,13.4700,14.5000,24436858,341267366.0000,3,1.180900,1,-7.103400,0
2020-03-17,sh.600004,13.3600,14.1100,12.7200,13.2100,13.4700,22078435,290112520.0000,3,1.066900,1,-1.930200,0
2020-03-18,sh.600004,13.1800,13.7500,13.1300,13.2200,13.2100,19652423,263421111.0000,3,0.949700,1,0.075700,0
2020-03-19,sh.600004,13.1300,13.3800,12.7000,12.9000,13.2200,13791906,178466707.0000,3,0.666500,1,-2.420600,0
2020-03-20,sh.600004,13.0100,13.3500,12.9900,13.3000,12.9000,9689808,127814773.0000,3,0.468300,1,3.100800,0
2020-03-23,sh.600004,13.0000,13.0500,12.5100,12.7100,13.3000,11621050,148899719.0000,3,0.561600,1,-4.436100,0
2020-03-24,sh.600004,12.9300,13.3800,12.8700,13.3200,12.7100,10743888,140834073.0000,3,0.519200,1,4.799400,0
2020-03-25,sh.600004,13.7000,13.8300,13.5500,13.7900,13.3200,11888937,163148627.0000,3,0.574500,1,3.528500,0
2020-03-26,sh.600004,13.7800,13.9000,13.4900,13.5500,13.7900,10560687,144582965.0000,3,0.510300,1,-1.740400,0
2020-03-27,sh.600004,13.6600,13.6900,13.1700,13.2300,13.5500,8671821,116375130.0000,3,0.419100,1,-2.361600,0
2020-03-30,sh.600004,13.0300,13.1100,12.5900,12.6100,13.2300,14031524,178569477.0000,3,0.678100,1,-4.686300,0
2020-03-31,sh.600004,12.7700,12.8400,12.5000,12.5500,12.6100,11476138,144764713.0000,3,0.554600,1,-0.475800,0
2020-04-01,sh.600004,12.5200,12.8100,12.4500,12.4500,12.5500,8374113,105467835.0000,3,0.404700,1,-0.796800,0
2020-04-02,sh.600004,12.4600,12.6700,12.2700,12.6500,12.4500,10831020,135201992.0000,3,0.523400,1,1.606400,0
2020-04-03,sh.600004,12.5600,13.1500,12.5500,13.0000,12.6500,18910836,244066183.0000,3,0.913900,1,2.766800,0
2020-04-07,sh.600004,13.1800,13.2400,12.9700,13.0500,13.0000,10419084,136224487.0000,3,0.503500,1,0.384600,0
2020-04-08,sh.600004,12.9000,13.3100,12.7000,13.2000,13.0500,11996200,156713747.0000,3,0.579700,1,1.149400,0
2020-04-09,sh.600004,13.2400,13.8100,13.2400,13.6100,13.2000,12333394,168033595.0000,3,0.596000,1,3.106100,0
2020-04-10,sh.600004,13.6600,13.7500,13.3200,13.4100,13.6100,6536758,88486388.0000,3,0.315900,1,-1.469500,0
2020-04-13,sh.600004,13.3900,13.5100,13.2100,13.4400,13.4100,6081568,81341521.0000,3,0.293900,1,0.223700,0
2020-04-14,sh.600004,13.4400,13.6600,13.4000,13.6000,13.4400,6492424,87875130.0000,3,0.313700,1,1.190500,0
2020-04-15,sh.600004,13.6500,13.7700,13.3600,13.3700,13.6000,7112680,96229851.0000,3,0.343700,1,-1.691200,0
2020-04-16,sh.600004,13.3100,13.5700,13.2400,13.5400,13.3700,7357770,98702058.0000,3,0.355600,1,1.271500,0
2020-04-17,sh.600004,13.7100,14.5000,13.7100,14.1900,13.5400,21754684,309440862.0000,3,1.051300,1,4.800600,0
2020-04-20,sh.600004,14.2700,14.6600,14.0500,14.5500,14.1900,12215311,176586435.0000,3,0.590300,1,2.537000,0
2020-04-21,sh.600004,14.5400,14.6500,14.3400,14.5000,14.5500,11431329,165559182.0000,3,0.552400,1,-0.343600,0
2020-04-22,sh.600004,14.3600,14.7100,14.2700,14.6300,14.5000,8905095,129617154.0000,3,0.430300,1,0.896600,0
2020-04-23,sh.600004,14.5500,15.1000,14.5300,14.9900,14.6300,13752942,205205679.0000,3,0.664600,1,2.460700,0
2020-04-24,sh.600004,14.9000,14.9000,14.1400,14.3600,14.9900,13887216,200846525.0000,3,0.671100,1,-4.202800,0
2020-04-27,sh.600004,14.2500,14.4000,14.0000,14.0500,14.3600,9398487,133332526.0000,3,0.454200,1,-2.158800,0
2020-04-28,sh.600004,15.0000,15.4600,14.3200,15.4600,14.0500,52774426,802532776.0000,3,2.550300,1,10.035600,0
2020-04-29,sh.600004,15.8000,16.0000,15.5100,15.7500,15.4600,29067674,457731134.0000,3,1.404700,1,1.875800,0
2020-04-30,sh.600004,15.7500,16.0600,15.5100,15.8000,15.7500,18279808,288294656.0000,3,0.883400,1,0.317500,0
2020-05-06,sh.600004,15.4700,15.6500,14.7400,14.9900,15.8000,34968685,525140368.0000,3,1.689900,1,-5.126600,0
2020-05-07,sh.600004,14.8300,14.9000,14.0000,14.0300,14.9900,45488493,651049655.0000,3,2.198200,1,-6.404300,0
2020-05-08,sh.600004,14.1500,14.2500,13.9400,14.1800,14.0300,32412264,456642460.0000,3,1.566300,1,1.069100,0
2020-05-11,sh.600004,14.1800,14.2700,13.8400,13.9800,14.1800,27960775,392869912.0000,3,1.351200,1,-1.410400,0
2020-05-12,sh.600004,13.9100,14.1900,13.7700,14.0800,13.9800,19642812,274728270.0000,3,0.949200,1,0.715300,0
2020-05-13,sh.600004,14.0000,14.0200,13.8200,13.9800,14.0800,17511237,243762307.0000,3,0.846200,1,-0.710200,0
2020-05-14,sh.600004,13.9100,13.9200,13.6300,13.6700,13.9800,22168212,304928499.0000,3,1.071300,1,-2.217400,0
2020-05-15,sh.600004,13.6800,13.8200,13.6600,13.7000,13.6700,12346393,169654992.0000,3,0.596600,1,0.219500,0
2020-05-18,sh.600004,13.7000,14.1900,13.5200,14.1700,13.7000,26219836,366143307.0000,3,1.267100,1,3.430700,0
2020-05-19,sh.600004,14.3000,15.2700,14.3000,15.1700,14.1700,54895085,818762403.0000,3,2.652800,1,7.057200,0
2020-05-20,sh.600004,15.1900,15.3500,14.8900,15.1900,15.1700,29229032,443015741.0000,3,1.412500,1,0.131800,0
2020-05-21,sh.600004,15.2400,15.4600,14.9000,14.9400,15.1900,18510931,279764710.0000,3,0.894500,1,-1.645800,0
2020-05-22,sh.600004,14.9700,15.0600,14.6800,14.8900,14.9400,16929538,252110525.0000,3,0.818100,1,-0.334700,0
2020-05-25,sh.600004,14.8700,15.2200,14.5500,15.1800,14.8900,16395798,245121665.0000,3,0.792300,1,1.947600,0
2020-05-26,sh.600004,15.2000,15.5400,15.1400,15.4400,15.1800,18432035,283783934.0000,3,0.890700,1,1.712800,0
2020-05-27,sh.600004,15.6200,15.7600,14.9500,15.0100,15.4400,12331135,187987652.0000,3,0.595900,1,-2.785000,0
2020-05-28,sh.600004,15.2800,15.6500,15.0800,15.6000,15.0100,19499589,300085708.0000,3,0.942300,1,3.930700,0
2020-05-29,sh.600004,15.4500,16.5900,15.4200,16.3500,15.6000,27333112,444265436.0000,3,1.320900,1,4.807700,0
2020-06-01,sh.600004,16.4400,17.1300,16.1100,17.0000,16.3500,23632803,396849331.0000,3,1.142100,1,3.975500,0
2020-06-02,sh.600004,17.0000,17.4200,16.7600,16.9100,17.0000,21836015,371726999.0000,3,1.055200,1,-0.529400,0
2020-06-03,sh.600004,16.9000,17.0300,16.6100,16.7000,16.9100,15362575,257807638.0000,3,0.742400,1,-1.241900,0
2020-06-04,sh.600004,16.6500,16.6500,16.0000,16.3400,16.7000,25111397,408961368.0000,3,1.213500,1,-2.155700,0
2020-06-05,sh.600004,16.3200,16.9000,16.2800,16.7000,16.3400,16781670,279171427.0000,3,0.811000,1,2.203200,0
2020-06-08,sh.600004,16.7700,16.9000,16.2000,16.3100,16.7000,17544048,288202645.0000,3,0.847800,1,-2.335300,0
2020-06-09,sh.600004,16.3700,16.6400,16.2300,16.4400,16.3100,12063901,198603304.0000,3,0.583000,1,0.797100,0
2020-06-10,sh.600004,16.3700,16.5000,16.1000,16.3100,16.4400,8605807,140484737.0000,3,0.415900,1,-0.790800,0
2020-06-11,sh.600004,16.2500,16.4000,15.9200,16.0200,16.3100,10577686,170719011.0000,3,0.511200,1,-1.778000,0
2020-06-12,sh.600004,15.7000,16.0200,15.5500,16.0200,16.0200,11886621,188137532.0000,3,0.574400,1,0.000000,0
2020-06-15,sh.600004,15.8000,15.8800,15.2000,15.2100,16.0200,20681503,318364560.0000,3,0.999400,1,-5.056200,0
2020-06-16,sh.600004,15.4000,16.1700,15.3800,15.6300,15.2100,12962572,202993810.0000,3,0.626400,1,2.761300,0
2020-06-17,sh.600004,15.5100,15.8400,15.3900,15.6500,15.6300,12656684,197695462.0000,3,0.611600,1,0.128000,0
2020-06-18,sh.600004,15.6000,15.9900,15.5500,15.7100,15.6500,11025603,174082054.0000,3,0.532800,1,0.383400,0
2020-06-19,sh.600004,15.6900,15.9100,15.5100,15.8200,15.7100,13283625,209895602.0000,3,0.641900,1,0.700200,0
2020-06-22,sh.600004,15.8000,15.8400,15.3000,15.3500,15.8200,17513261,269670504.0000,3,0.846300,1,-2.970900,0
2020-06-23,sh.600004,15.3500,15.3500,15.0700,15.3200,15.3500,15988818,243172986.0000,3,0.772700,1,-0.195400,0
2020-06-24,sh.600004,15.3200,15.5100,15.1000,15.3300,15.3200,17481442,266883682.0000,3,0.844800,1,0.065300,0
2020-06-29,sh.600004,15.1900,15.2400,15.0200,15.0900,15.3300,12955221,195533054.0000,3,0.626100,1,-1.565600,0
2020-06-30,sh.600004,15.2200,15.4900,15.1000,15.2400,15.0900,12797698,195791583.0000,3,0.618400,1,0.994000,0
2020-07-01,sh.600004,15.3000,15.5000,15.1300,15.4100,15.2400,15588332,238803064.0000,3,0.753300,1,1.115500,0
2020-07-02,sh.600004,15.4000,15.8900,15.2200,15.8700,15.4100,38659110,601433382.0000,3,1.868200,1,2.985100,0
2020-07-03,sh.600004,15.9000,15.9400,15.4500,15.6200,15.8700,34225240,532664412.0000,3,1.653900,1,-1.575300,0
2020-07-06,sh.600004,15.6300,16.4200,15.5100,16.3600,15.6200,50841825,813257353.0000,3,2.456900,1,4.737500,0
2020-07-07,sh.600004,16.4800,16.7700,16.0300,16.1000,16.3600,49317581,804657182.0000,3,2.383300,1,-1.589200,0
2020-07-08,sh.600004,16.0400,16.0900,15.7500,16.0300,16.1000,36759657,585314440.0000,3,1.776400,1,-0.434800,0
2020-07-09,sh.600004,16.0400,16.2800,15.9200,16.1600,16.0300,40221681,648457331.0000,3,1.943700,1,0.811000,0
2020-07-10,sh.600004,16.1400,16.6800,15.8000,16.5700,16.1600,53146014,864140430.0000,3,2.568300,1,2.537100,0
2020-07-13,sh.600004,16.4800,16.6300,16.1100,16.4100,16.5700,41286807,674533167.0000,3,1.995200,1,-0.965600,0
2020-07-14,sh.600004,16.3000,16.3600,15.8900,16.0000,16.4100,27876071,448221180.0000,3,1.347100,1,-2.498500,0
2020-07-15,sh.600004,16.1700,16.5000,15.9600,16.0500,16.0000,41498119,676426759.0000,3,2.005400,1,0.312500,0
2020-07-16,sh.600004,16.2200,16.2300,14.9000,15.0500,16.0500,36440261,568359183.0000,3,1.761000,1,-6.230500,0
2020-07-17,sh.600004,15.1800,15.3000,14.6000,14.8400,15.0500,29198048,437163029.0000,3,1.411000,1,-1.395300,0
2020-07-20,sh.600004,14.8700,15.0900,14.5600,15.0200,14.8400,34608337,514717166.0000,3,1.672400,1,1.212900,0
2020-07-21,sh.600004,15.0400,15.1500,14.8300,14.9100,15.0200,19606033,293288170.2600,3,0.947500,1,-0.732400,0
2020-07-22,sh.600004,14.9900,15.2500,14.8600,14.9300,14.9100,27715298,416803420.2000,3,1.339300,1,0.134100,0
2020-07-23,sh.600004,14.8700,14.8700,14.2000,14.5900,14.9300,37599193,544420575.5600,3,1.817000,1,-2.277300,0
2020-07-24,sh.600004,14.4600,14.7800,14.0900,14.1900,14.5900,28148107,406929226.0300,3,1.360300,1,-2.741600,0
2020-07-27,sh.600004,14.1900,14.3100,13.8500,13.9400,14.1900,18843535,264081282.6800,3,0.910600,1,-1.761800,0
2020-07-28,sh.600004,14.0600,14.1300,13.7400,13.8200,13.9400,21597520,300170178.6100,3,1.043700,1,-0.860800,0
2020-07-29,sh.600004,13.8200,14.3900,13.6800,14.3300,13.8200,25570898,360487502.7200,3,1.235700,1,3.690300,0
2020-07-30,sh.600004,14.4100,14.4100,13.9500,14.0400,14.3300,23062656,325130573.4000,3,1.114500,1,-2.023700,0
2020-07-31,sh.600004,14.0500,14.4000,14.0000,14.2000,14.0400,20450976,290724094.7300,3,0.988300,1,1.139600,0
2020-08-03,sh.600004,14.2600,14.3500,14.1000,14.2500,14.2000,35572704,504421769.4800,3,1.719100,1,0.352100,0
2020-08-04,sh.600004,14.1600,14.2700,14.0100,14.1400,14.1100,27526161,388893832.3300,3,1.330200,1,0.212600,0
2020-08-05,sh.600004,14.0900,14.1400,13.8500,14.0300,14.1400,18872351,264294536.1000,3,0.912000,1,-0.777900,0
2020-08-06,sh.600004,14.0000,14.1200,13.8500,13.9700,14.0300,15897700,221849451.4800,3,0.768300,1,-0.427700,0
2020-08-07,sh.600004,14.0000,14.2700,13.9300,14.1200,13.9700,21778311,307352877.4500,3,1.052400,1,1.073700,0
2020-08-10,sh.600004,14.1500,14.4000,14.0000,14.3700,14.1200,22561034,321521598.6100,3,1.090300,1,1.770500,0
2020-08-11,sh.600004,14.3700,14.7000,14.2500,14.3500,14.3700,25487589,370358109.7400,3,1.231700,1,-0.139200,0
2020-08-12,sh.600004,14.3900,14.9000,14.3600,14.7900,14.3500,44705614,657693023.3500,3,2.160400,1,3.066200,0
2020-08-13,sh.600004,14.8500,14.9000,14.3300,14.4300,14.7900,33592114,489756665.3400,3,1.623300,1,-2.434100,0
2020-08-14,sh.600004,14.4100,15.0700,14.2100,15.0400,14.4300,38047995,561482572.4800,3,1.838700,1,4.227300,0
2020-08-17,sh.600004,15.1400,15.1900,14.8300,15.0300,15.0400,29918915,448145367.3800,3,1.445800,1,-0.066500,0
2020-08-18,sh.600004,15.0400,15.3800,14.8600,15.1000,15.0300,26890340,404894036.7100,3,1.299500,1,0.465700,0
2020-08-19,sh.600004,15.0800,15.8500,14.9200,15.4600,15.1000,52645556,815983949.8800,3,2.544100,1,2.384100,0
2020-08-20,sh.600004,15.3700,15.5600,14.9500,15.0400,15.4600,25586892,389682517.3600,3,1.236500,1,-2.716700,0
2020-08-21,sh.600004,15.2000,15.5400,14.9800,15.3600,15.0400,22385203,342496304.5500,3,1.081800,1,2.127700,0
2020-08-24,sh.600004,15.4700,15.8000,15.3000,15.6500,15.3600,22322331,347574303.3600,3,1.078700,1,1.888000,0
2020-08-25,sh.600004,15.5900,15.6700,15.1500,15.4200,15.6500,17556123,270440735.0000,3,0.848400,1,-1.469600,0
2020-08-26,sh.600004,15.4200,15.6400,15.1300,15.2700,15.4200,17023970,261893447.9800,3,0.822700,1,-0.972800,0
2020-08-27,sh.600004,15.2700,15.2800,14.8200,14.9000,15.2700,16201429,242274918.0000,3,0.782900,1,-2.423100,0
2020-08-28,sh.600004,14.9700,15.2000,14.8100,15.1900,14.9000,17099477,257283936.1000,3,0.826300,1,1.946300,0
2020-08-31,sh.600004,15.1500,15.3600,15.0000,15.2200,15.1900,21780388,330484652.7100,3,1.052500,1,0.197500,0
2020-09-01,sh.600004,15.2200,15.2300,14.8700,14.9800,15.2200,19315960,289178113.0700,3,0.933400,1,-1.576900,0
