CustomerID,rankR,rankF,rankM
12346,2,1,1
12347,5,4,3
12348,5,1,2
12349,5,2,4
12350,2,1,1
12352,5,2,5
12353,3,1,1
12354,3,1,2
12355,3,1,1
12356,5,2,2
12357,5,3,3
12358,5,1,1
12359,5,5,5
12360,5,3,3
12361,2,1,1
12362,5,5,5
12363,4,1,1
12364,5,2,1
12365,2,1,5
12367,5,1,1
12370,5,3,3
12370,5,3,3
12371,5,2,2
12372,5,1,1
12373,2,1,1
12374,5,1,1
12375,5,1,1
12377,2,2,2
12378,4,4,4
12379,5,1,1
12380,5,2,3
12381,5,2,3
12383,3,2,2
12384,5,1,2
12386,1,1,1
12388,5,2,2
12390,5,1,1
12391,5,2,2
12393,5,2,1
12394,5,1,1
12394,5,1,1
12395,5,3,4
12397,5,3,3
12398,5,2,2
12399,4,2,1
12401,2,1,1
12402,2,1,1
12403,5,1,1
12405,4,1,2
12406,5,2,2
12407,5,2,2
12408,5,2,3
12409,5,2,3
12410,2,1,2
12412,5,2,1
12413,5,1,2
12414,3,1,1
12415,5,5,5
12417,5,4,5
12417,5,4,5
12418,4,1,1
12420,5,1,1
12421,5,1,2
12422,4,1,1
12422,4,1,1
12423,5,3,3
12424,4,1,1
12425,5,1,1
12426,3,1,1
12427,5,1,1
12428,5,5,5
12429,5,2,3
12429,5,2,3
12430,5,1,1
12431,5,5,5
12431,5,5,5
12432,5,2,5
12433,5,5,5
12434,4,1,2
12435,5,1,2
12436,4,1,1
12437,5,4,5
12438,5,2,3
12441,1,1,1
12442,5,1,1
12444,5,4,5
12445,5,1,1
12446,5,1,2
12447,3,1,1
12448,5,1,1
12449,5,4,5
12450,4,1,1
12451,5,5,5
12452,5,1,1
12453,4,1,1
12454,5,1,2
12455,5,2,2
12455,5,2,2
12456,5,3,3
12457,5,2,3
12457,5,2,3
12458,5,1,1
12461,4,1,1
12462,5,2,2
12463,5,2,2
12464,5,1,3
12465,5,1,1
12468,4,1,1
12471,5,5,5
12472,5,5,5
12473,5,4,5
12474,5,5,5
12475,5,1,1
12476,5,5,5
12477,5,5,5
12478,5,1,1
12479,5,1,1
12480,5,3,3
12481,5,4,5
12483,5,2,3
12484,5,5,5
12488,5,1,2
12489,1,1,1
12490,5,5,4
12491,5,1,1
12492,5,1,1
12493,4,1,1
12494,5,2,3
12497,5,1,1
12498,5,1,1
12500,5,2,3
12501,2,3,3
12502,4,3,5
12503,1,1,5
12504,5,1,1
12505,2,1,1
12506,3,1,1
12507,4,1,1
12508,5,2,1
12509,2,1,1
12510,4,1,1
12512,5,1,1
12513,4,1,1
12514,2,1,1
12515,1,1,1
12516,5,1,1
12517,5,5,4
12518,5,3,3
12519,5,1,1
12520,5,3,4
12521,4,1,1
12522,5,1,1
12523,5,2,4
12524,5,3,3
12526,5,2,2
12527,5,1,1
12528,5,2,4
12530,5,2,2
12531,5,1,1
12532,5,1,1
12534,4,2,2
12535,4,1,1
12536,5,5,5
12538,5,1,1
12539,5,5,5
12540,5,5,5
12541,5,1,2
12544,5,1,1
12545,5,1,2
12546,5,2,2
12547,3,1,1
12548,4,1,1
12550,5,1,2
12551,1,1,1
12552,5,1,2
12553,5,4,4
12556,5,3,2
12557,5,1,1
12558,5,1,1
12559,2,1,1
12560,5,2,2
12561,2,1,1
12562,5,3,4
12564,2,1,1
12565,2,1,1
12566,5,1,1
12567,5,5,5
12569,5,4,5
12571,5,1,1
12572,5,2,2
12573,3,1,1
12574,2,1,1
12576,5,2,2
12577,5,3,2
12578,5,3,3
12579,5,1,1
12580,3,1,1
12581,5,1,1
12582,3,1,1
12583,5,5,5
12584,5,3,5
12585,3,2,3
12586,5,1,1
12587,5,1,1
12588,5,1,1
12589,5,1,1
12590,3,2,5
12591,2,1,1
12592,4,1,1
12593,4,1,1
12594,5,3,3
12596,5,1,1
12597,5,4,5
12598,5,3,3
12599,5,2,2
12600,5,2,3
12601,3,1,2
12602,5,1,1
12603,5,1,1
12604,5,1,1
12605,1,1,1
12607,5,4,3
12609,5,2,2
12610,5,2,4
12611,5,2,2
12612,5,1,1
12613,5,3,3
12614,2,1,1
12615,5,2,2
12616,4,1,1
12617,5,1,1
12618,5,1,1
12619,5,2,5
12620,5,2,2
12621,5,5,5
12622,3,1,1
12623,2,1,1
12624,4,1,1
12625,3,2,2
12626,5,5,5
12627,5,5,4
12628,5,1,1
12630,5,2,2
12631,5,1,1
12633,5,2,2
12635,4,2,2
12637,5,5,5
12638,5,1,1
12639,3,1,1
12640,5,1,2
12641,4,1,1
12642,5,1,1
12643,4,1,1
12644,4,1,1
12645,5,2,2
12646,5,1,1
12647,5,3,5
12648,4,1,1
12649,4,1,1
12650,5,1,1
12651,1,1,1
12652,2,1,1
12653,4,1,1
12654,5,1,1
12656,5,3,4
12657,5,1,2
12658,5,1,1
12659,5,1,1
12660,5,1,1
12662,5,5,5
12664,5,1,3
12665,2,1,1
12666,1,1,1
12667,5,1,1
12668,5,3,4
12669,4,2,5
12670,5,2,2
12672,2,1,1
12673,5,1,1
12674,5,2,2
12676,5,1,2
12678,5,3,5
12679,5,1,2
12680,5,1,2
12681,5,5,5
12682,5,5,5
12683,5,5,5
12684,5,2,2
12685,5,3,3
12686,1,1,1
12688,4,3,5
12689,5,2,2
12690,3,1,1
12691,5,1,1
12693,4,1,2
12694,5,1,1
12695,5,1,1
12697,5,1,2
12700,5,5,5
12701,5,1,1
12702,5,1,1
12703,5,1,1
12704,5,2,4
12705,5,5,5
12707,2,1,1
12708,5,4,5
12709,5,5,5
12710,4,2,2
12712,5,3,5
12713,5,1,1
12714,5,5,4
12715,4,1,1
12716,5,2,2
12717,4,1,2
12718,5,1,1
12719,5,1,1
12720,5,5,5
12721,5,3,4
12722,4,1,2
12723,5,2,2
12724,5,1,2
12725,1,1,1
12726,5,3,2
12727,5,3,3
12728,5,1,2
12729,4,1,1
12731,5,5,5
12732,3,1,1
12733,3,1,1
12734,1,1,1
12735,2,1,2
12736,2,1,1
12738,1,1,1
12739,5,1,1
12740,5,1,1
12743,4,3,3
12744,5,4,5
12747,5,2,3
12748,5,5,5
12749,5,5,5
12750,4,1,1
12752,5,1,1
12753,5,5,4
12754,3,2,1
12755,3,1,1
12756,4,1,1
12757,5,5,5
12758,4,2,1
12759,5,2,2
12762,5,2,2
12763,4,1,1
12764,2,1,2
12766,5,5,5
12769,3,1,1
12770,3,1,1
12772,5,1,2
12775,5,2,2
12778,5,1,2
12779,5,3,4
12781,5,1,1
12782,5,2,3
12783,5,2,5
12784,5,2,1
12785,5,1,1
12787,5,1,1
12789,5,1,1
12790,3,1,1
12791,1,1,1
12792,2,1,1
12793,1,1,1
12794,5,1,1
12795,5,1,1
12797,1,1,1
12798,5,1,1
12802,3,1,1
12808,5,1,1
12809,3,1,1
12811,2,1,1
12812,5,1,1
12814,4,1,1
12815,4,1,2
12816,4,1,2
12817,2,1,1
12818,3,1,1
12820,5,2,1
12821,3,1,1
12822,5,1,1
12823,5,1,1
12824,5,1,1
12826,5,2,2
12827,5,1,1
12828,5,1,2
12829,2,1,1
12830,5,1,1
12831,2,1,1
12832,5,1,1
12833,4,1,1
12834,2,1,1
12836,5,4,5
12837,3,1,1
12838,5,3,2
12839,5,5,4
12840,4,3,2
12841,5,5,5
12842,5,1,1
12843,5,2,3
12844,5,1,1
12845,2,1,1
12847,5,2,1
12849,5,1,1
12851,4,1,1
12852,2,1,1
12853,4,2,3
12854,5,2,3
12855,1,1,1
12856,5,5,5
12857,3,1,2
12863,5,1,1
12864,4,1,1
12865,5,2,2
12866,2,1,1
12867,5,5,5
12868,3,2,2
12870,1,1,1
12871,4,1,1
12872,2,2,1
12873,2,1,1
12875,4,1,1
12876,5,2,2
12877,5,3,2
12878,5,1,1
12879,5,1,1
12881,2,1,2
12882,5,1,1
12883,5,1,2
12884,4,1,1
12885,5,2,2
12886,5,2,2
12888,3,1,1
12890,5,2,1
12891,3,1,1
12893,5,1,1
12895,5,1,1
12897,3,1,1
12901,5,3,2
12902,2,1,1
12904,5,2,2
12906,5,2,1
12908,5,1,1
12909,5,2,4
12910,5,2,1
12912,5,1,1
12913,5,1,1
12915,4,1,1
12916,4,2,3
12917,4,1,1
12919,5,1,1
12920,5,1,1
12921,5,5,5
12922,4,1,1
12923,5,1,1
12924,4,1,1
12925,5,1,1
12928,5,2,1
12929,4,1,1
12930,5,1,1
12931,5,2,2
12933,5,2,2
12935,5,3,2
12936,5,2,1
12937,5,3,2
12938,5,1,1
12939,5,1,1
12940,5,2,3
12942,4,2,2
12943,2,1,1
12944,5,1,1
12945,2,1,1
12947,4,2,3
12948,5,3,3
12949,5,4,4
12950,5,1,1
12951,5,2,2
12952,5,2,2
12953,5,1,1
12955,5,4,2
12956,2,1,1
12957,5,5,5
12962,5,1,1
12963,5,2,2
12965,4,2,3
12966,5,1,1
12967,5,1,2
12968,4,1,1
12970,5,3,2
12971,5,5,5
12974,3,1,1
12976,3,1,1
12977,4,1,1
12980,4,1,3
12981,5,1,1
12982,3,1,1
12984,5,1,1
12985,5,2,1
12987,5,1,2
12988,2,2,3
12989,5,2,2
12990,5,1,1
12991,5,1,1
12993,5,1,1
12994,5,2,2
12995,5,1,1
12997,5,2,2
12999,3,1,1
13000,4,1,1
13001,5,5,5
13002,2,1,1
13003,4,1,1
13004,5,5,5
13005,3,1,1
13006,5,1,1
13008,2,1,1
13011,1,1,1
13012,5,2,3
13013,5,4,5
13014,5,3,4
13015,5,4,5
13016,5,1,1
13017,5,1,1
13018,5,5,5
13021,5,3,4
13023,5,1,2
13026,5,1,1
13027,4,1,1
13028,5,1,1
13029,5,1,1
13030,5,2,2
13032,5,2,2
13033,1,1,1
13034,5,1,1
13035,5,1,1
13037,4,1,2
13038,5,1,1
13040,5,1,1
13043,2,1,1
13044,2,1,1
13045,4,1,1
13046,5,1,2
13047,5,4,5
13048,5,3,2
13049,5,1,1
13050,5,5,5
13052,3,1,1
13055,5,2,2
13058,5,1,1
13059,3,1,1
13060,2,1,1
13061,5,1,1
13062,3,1,1
13064,5,2,2
13065,1,1,1
13066,5,1,2
13067,5,1,1
13068,5,1,1
13069,5,5,5
13070,3,1,1
13072,2,1,1
13075,4,1,1
13077,5,2,2
13078,5,5,5
13079,5,1,1
13080,3,1,1
13081,5,5,5
13082,4,2,2
13083,5,1,1
13085,4,1,1
13089,5,5,5
13090,5,3,5
13091,5,1,1
13092,5,1,1
13093,2,3,4
13094,5,1,1
13095,5,1,1
13097,5,5,5
13098,5,5,5
13099,4,1,1
13101,3,1,1
13102,5,5,5
13103,5,1,1
13104,5,1,1
13106,4,1,1
13107,5,2,1
13108,1,1,1
13109,5,1,1
13110,5,3,5
13113,5,5,5
13115,5,3,3
13116,4,1,1
13117,5,2,2
13118,5,2,2
13120,3,1,1
13121,2,1,1
13122,4,1,1
13124,4,5,5
13126,5,3,2
13127,5,1,1
13130,4,1,1
13131,5,1,1
13132,2,1,1
13133,2,1,1
13134,5,2,2
13135,3,1,1
13136,5,3,3
13137,5,5,5
13138,5,2,2
13139,5,4,4
13140,4,1,1
13141,4,3,2
13142,5,1,1
13144,2,1,1
13145,5,1,2
13146,5,1,1
13147,5,1,1
13148,5,5,5
13149,5,2,2
13151,3,2,3
13153,5,1,1
13154,4,1,4
13155,5,2,2
13157,5,2,1
13158,4,2,1
13159,5,3,2
13160,5,1,1
13161,2,1,1
13162,4,2,1
13165,5,1,1
13166,2,1,1
13167,5,2,2
13168,5,3,3
13169,5,1,1
13170,5,1,1
13171,5,1,2
13173,5,1,1
13174,5,5,5
13176,5,2,2
13177,5,1,1
13178,5,5,4
13182,5,1,1
13183,5,2,2
13184,5,4,3
13185,2,1,1
13186,5,2,2
13187,1,1,1
13188,5,1,1
13189,5,1,1
13192,4,2,1
13193,5,1,1
13194,4,1,1
13196,5,2,2
13198,5,4,4
13199,5,3,2
13200,5,1,1
13203,5,1,1
13207,5,1,1
13208,5,3,3
13209,5,5,5
13210,4,1,1
13211,5,1,1
13212,5,3,4
13213,5,2,2
13216,2,1,1
13217,4,1,1
13218,4,1,1
13220,5,1,1
13221,3,2,2
13223,3,1,1
13224,5,2,2
13225,5,1,1
13226,2,1,1
13227,3,1,1
13228,5,1,1
13229,3,1,1
13230,5,5,5
13232,5,4,5
13233,5,1,1
13235,3,2,5
13236,5,1,1
13238,5,1,1
13239,2,1,1
13240,4,2,2
13242,4,1,1
13243,3,1,2
13244,4,1,1
13245,5,1,1
13246,5,3,2
13247,5,1,1
13248,4,1,1
13249,4,1,1
13253,4,1,1
13255,5,1,1
13256,5,1,1
13258,5,1,1
13259,5,2,2
13260,5,1,1
13261,2,1,1
13262,2,1,1
13263,5,5,5
13265,5,2,2
13266,5,4,3
13267,5,4,5
13268,5,5,5
13269,5,5,5
13270,1,1,1
13271,5,2,1
13272,5,1,1
13273,4,1,1
13276,5,1,1
13277,5,1,1
13278,5,1,1
13279,5,1,1
13280,4,2,2
13282,5,1,2
13283,5,1,1
13284,2,1,1
13285,5,4,3
13291,4,1,1
13292,5,1,1
13294,3,1,2
13295,1,1,1
13296,4,1,1
13297,5,2,2
13298,5,1,1
13299,2,1,1
13300,4,1,1
13301,4,2,2
13302,4,1,1
13304,1,1,1
13305,5,2,2
13307,4,1,1
13308,5,1,2
13309,5,2,2
13310,5,2,2
13311,5,1,1
13313,5,2,1
13314,5,2,2
13316,5,2,3
13317,5,3,4
13318,5,1,1
13319,5,5,5
13320,5,2,2
13321,5,1,1
13322,5,1,1
13323,5,1,1
13324,5,2,2
13325,5,1,1
13327,5,2,2
13328,2,1,1
13329,5,1,1
13330,4,1,1
13332,5,1,1
13334,5,5,5
13336,5,1,1
13338,4,1,1
13339,3,1,2
13340,5,3,3
13341,2,1,2
13343,3,1,1
13344,5,3,4
13345,2,1,1
13347,5,1,1
13348,5,1,1
13349,5,1,1
13350,5,1,3
13351,5,1,1
13352,5,1,1
13354,5,1,1
13355,4,1,1
13356,5,1,2
13357,2,2,2
13358,2,1,1
13359,5,1,1
13362,5,3,4
13363,5,2,2
13364,5,1,1
13365,5,3,3
13366,5,1,1
13368,2,1,1
13369,1,1,1
13370,1,1,1
13372,4,1,1
13373,5,3,4
13375,5,1,1
13376,4,1,2
13379,5,2,2
13381,5,4,4
13382,2,1,1
13384,5,3,3
13385,2,1,1
13388,4,1,2
13389,5,1,2
13390,5,1,1
13391,3,1,1
13394,5,3,2
13395,3,1,1
13396,5,1,2
13397,5,1,1
13398,3,1,1
13402,4,1,1
13403,5,1,1
13404,5,1,1
13405,5,1,1
13408,5,5,5
13410,5,1,1
13411,4,1,1
13414,4,1,1
13416,5,1,1
13417,5,1,2
13418,5,5,5
13419,5,1,1
13420,4,1,1
13421,5,2,2
13422,5,3,3
13425,4,2,2
13426,5,3,2
13427,5,1,1
13428,5,2,1
13429,5,2,1
13430,5,1,1
13431,5,1,1
13434,5,1,1
13435,5,2,2
13436,5,1,1
13437,5,3,5
13439,2,1,1
13441,4,1,1
13447,5,2,2
13448,5,4,4
13449,5,1,1
13450,5,2,1
13451,5,5,5
13452,2,1,4
13453,4,1,1
13455,5,1,2
13456,5,2,2
13458,5,5,5
13460,5,1,1
13461,5,1,1
13462,3,1,1
13464,5,1,1
13466,4,1,1
13467,5,2,2
13468,5,5,5
13470,4,1,1
13471,5,5,4
13473,5,1,1
13474,3,2,1
13475,3,2,2
13476,3,2,4
13477,5,2,2
13479,3,1,1
13481,5,2,2
13482,3,1,1
13483,5,1,1
13484,3,1,1
13485,3,1,1
13486,5,2,2
13487,5,1,1
13488,5,5,5
13489,4,1,1
13491,5,2,2
13492,4,1,2
13493,2,1,1
13494,2,1,1
13495,5,1,1
13496,5,1,1
13497,2,1,1
13499,5,1,1
13500,5,2,2
13501,3,1,2
13502,5,1,1
13503,5,1,1
13504,5,1,1
13505,5,4,5
13506,2,1,1
13507,5,3,4
13508,3,1,1
13509,5,1,1
13510,5,3,2
13512,2,1,1
13513,4,1,1
13514,5,1,1
13515,5,2,1
13516,5,1,1
13517,5,3,3
13518,4,1,1
13519,5,1,1
13520,5,2,3
13521,5,5,5
13522,5,1,1
13523,5,4,5
13524,5,1,1
13525,5,1,1
13527,5,4,4
13529,5,1,1
13531,3,1,1
13532,5,2,1
13533,3,2,1
13534,5,5,5
13536,5,4,4
13538,5,1,2
13539,4,1,1
13544,5,2,2
13546,5,2,2
13548,4,3,3
13549,5,1,2
13551,2,1,1
13552,5,3,4
13555,5,3,2
13557,5,1,1
13558,5,4,3
13560,5,1,1
13561,3,1,1
13562,5,2,2
13563,4,1,3
13564,4,2,5
13565,5,1,1
13566,5,4,2
13568,3,1,1
13569,5,2,2
13570,3,1,1
13571,5,5,4
13572,3,1,1
13573,5,1,1
13575,5,1,1
13576,5,3,3
13577,5,2,2
13579,5,1,1
13581,2,1,1
13583,4,1,1
13584,2,1,1
13587,5,1,1
13588,5,4,2
13589,5,1,1
13590,5,2,1
13591,5,1,2
13592,5,1,1
13593,4,3,4
13594,5,1,1
13596,5,3,3
13598,5,1,1
13599,5,5,5
13600,2,1,1
13601,5,2,2
13602,5,1,1
13603,5,1,1
13606,5,1,1
13607,5,2,2
13610,5,4,4
13611,4,2,2
13614,5,4,5
13615,2,1,1
13617,5,1,1
13618,3,1,1
13621,4,1,1
13623,5,2,2
13626,2,1,1
13627,5,2,2
13629,5,2,1
13630,5,2,1
13631,4,1,1
13632,5,3,3
13634,5,4,4
13635,5,2,1
13636,5,2,2
13637,5,2,2
13638,5,1,1
13639,5,1,1
13642,3,2,2
13643,5,1,1
13644,5,3,3
13645,4,1,1
13647,5,2,2
13649,2,1,1
13650,5,2,2
13651,5,1,1
13652,5,2,2
13654,5,3,3
13655,4,1,2
13656,4,1,1
13657,5,1,1
13658,5,2,3
13659,3,2,3
13662,4,1,2
13663,3,1,1
13666,5,1,1
13667,4,2,2
13668,5,5,5
13669,5,1,1
13670,5,1,1
13672,2,1,1
13673,5,2,2
13675,4,1,1
13678,4,1,1
13680,5,4,3
13681,5,1,1
13682,3,1,1
13684,2,1,1
13685,5,1,1
13686,3,1,1
13689,5,1,1
13690,5,1,1
13692,5,1,1
13693,2,1,1
13694,5,5,5
13695,5,2,2
13697,5,1,1
13699,4,1,1
13700,5,4,2
13703,2,1,1
13704,5,3,3
13705,5,1,2
13706,2,1,1
13707,2,1,2
13708,2,1,1
13709,5,5,5
13710,5,1,1
13711,3,1,1
13712,3,1,1
13715,2,2,2
13716,2,1,1
13717,5,2,2
13718,3,1,1
13719,5,2,2
13720,4,1,1
13721,5,1,1
13722,4,2,2
13723,3,1,1
13725,5,3,3
13726,5,1,1
13727,5,1,1
13728,5,2,3
13730,4,1,1
13731,3,1,1
13732,5,1,1
13735,5,4,5
13736,5,4,3
13737,3,1,1
13739,5,1,1
13740,3,1,1
13741,5,1,2
13742,5,5,5
13743,5,1,1
13744,4,2,1
13745,4,1,1
13747,1,1,1
13748,4,1,1
13750,5,1,1
13751,2,1,1
13752,4,2,2
13753,2,1,1
13754,4,1,1
13755,5,5,5
13756,5,3,3
13758,5,3,3
13759,5,1,1
13760,5,1,1
13761,5,2,2
13762,3,1,1
13763,5,1,1
13764,5,4,4
13767,5,5,5
13769,5,3,4
13771,5,3,2
13772,5,4,3
13774,5,1,1
13777,5,4,4
13778,4,1,1
13780,5,1,1
13781,2,1,1
13782,5,2,3
13784,5,1,1
13786,1,1,1
13787,5,1,1
13790,5,1,1
13791,5,1,1
13792,5,1,1
13798,5,5,5
13799,4,1,1
13800,2,1,1
13801,5,1,1
13802,4,2,2
13803,2,1,1
13804,5,3,3
13805,5,1,1
13806,5,1,1
13807,1,1,1
13808,5,2,2
13809,2,1,1
13810,5,1,5
13811,3,1,4
13812,5,1,1
13813,5,2,2
13814,5,1,2
13815,5,4,3
13816,5,1,1
13817,5,1,1
13819,2,1,1
13821,4,2,2
13822,5,2,2
13823,5,1,1
13824,5,1,1
13826,4,1,1
13827,5,2,3
13828,5,1,1
13829,1,1,1
13831,5,2,2
13832,5,1,1
13833,4,1,1
13835,5,1,2
13837,3,1,1
13838,5,4,4
13841,2,1,1
13842,5,4,5
13844,5,1,1
13845,5,1,1
13846,5,1,2
13848,4,1,1
13849,5,2,2
13850,4,2,2
13851,4,2,2
13853,5,1,1
13854,5,2,4
13856,3,1,1
13858,5,1,1
13859,2,1,1
13860,5,2,2
13862,5,3,2
13863,3,1,1
13865,5,1,1
13866,5,1,1
13867,5,2,2
13868,5,1,1
13869,4,5,5
13870,5,3,3
13871,5,5,5
13873,4,1,1
13874,1,1,1
13875,5,2,2
13876,5,1,1
13877,4,1,1
13878,5,1,1
13880,5,3,3
13881,5,4,3
13882,5,2,2
13883,5,3,4
13884,5,2,2
13885,3,1,1
13886,5,1,1
13887,3,1,1
13888,4,1,1
13889,4,1,1
13890,5,2,3
13892,5,1,1
13893,2,1,1
13894,5,1,1
13895,5,3,3
13897,5,1,1
13898,2,1,1
13899,5,1,1
13900,3,1,1
13901,5,3,4
13904,5,1,1
13908,5,3,3
13911,5,3,3
13914,5,1,1
13917,5,1,1
13918,5,1,1
13919,5,1,1
13922,1,1,1
13923,5,1,1
13924,5,3,3
13925,5,1,2
13926,5,1,1
13927,5,1,1
13928,5,1,1
13929,3,1,1
13930,5,1,1
13931,4,2,1
13932,2,1,1
13933,4,1,1
13934,2,1,1
13936,3,1,1
13937,3,1,1
13938,5,1,1
13939,5,1,1
13940,5,1,1
13941,5,1,2
13946,5,1,1
13947,5,1,1
13948,1,1,1
13949,5,3,2
13950,5,1,1
13951,3,1,1
13952,3,3,4
13953,5,1,1
13954,5,1,2
13955,4,1,1
13956,5,3,4
13958,1,1,1
13959,5,2,2
13960,5,1,1
13962,5,1,1
13963,2,1,1
13967,4,1,1
13969,5,5,5
13971,5,3,3
13972,5,1,1
13973,2,1,1
13974,5,1,1
13975,5,5,5
13976,3,1,1
13978,5,1,1
13979,5,1,1
13980,5,1,1
13982,5,2,2
13983,5,2,5
13984,5,1,1
13985,5,5,5
13986,5,1,1
13988,5,5,5
13989,5,1,1
13990,3,1,1
13991,5,2,1
13992,5,1,1
13993,5,3,5
13994,5,3,4
13995,5,2,2
13999,5,4,3
14000,3,1,1
14001,5,1,1
14002,4,1,1
14004,5,3,3
14005,5,2,2
14006,4,1,1
14009,3,1,1
14012,2,1,1
14013,4,1,1
14014,5,1,1
14015,5,1,1
14016,4,3,4
14019,5,2,2
14020,5,1,1
14021,4,1,1
14022,3,1,1
14023,5,1,1
14024,4,1,1
14027,5,1,1
14029,5,1,1
14030,5,5,5
14031,5,5,5
14032,5,3,3
14034,5,2,2
14035,5,2,2
14036,2,1,1
14037,3,1,1
14038,5,2,2
14039,5,1,1
14040,5,5,5
14041,2,1,1
14044,5,4,4
14045,4,1,1
14046,2,1,1
14047,5,1,1
14048,2,2,2
14049,5,5,5
14050,5,1,1
14051,5,4,5
14052,5,1,1
14053,4,1,1
14054,5,1,1
14055,4,1,1
14056,5,5,5
14057,5,5,4
14059,2,1,1
14060,5,4,2
14062,5,2,2
14064,5,2,1
14066,2,1,1
14067,5,1,1
14068,2,1,1
14071,5,5,5
14073,5,1,1
14075,5,1,1
14076,4,1,1
14077,5,1,1
14078,4,2,2
14079,4,1,1
14080,5,1,1
14081,2,3,3
14082,1,1,1
14083,5,4,4
14085,5,5,5
14087,5,2,1
14088,5,5,5
14089,5,1,1
14090,2,1,1
14092,5,4,4
14093,5,2,1
14096,5,5,5
14098,5,1,1
14099,5,5,4
14100,4,1,1
14101,5,1,1
14102,5,2,2
14104,4,1,1
14105,4,2,2
14107,5,3,2
14108,5,1,1
14109,5,1,1
14110,5,3,3
14111,5,1,1
14112,5,4,3
14113,5,1,1
14114,2,1,1
14116,5,2,2
14117,4,1,1
14119,1,1,1
14121,5,3,3
14124,4,1,1
14125,5,3,4
14126,5,1,1
14127,4,1,2
14128,5,1,1
14129,5,1,1
14130,2,2,2
14132,5,4,3
14133,4,1,1
14135,5,3,2
14138,5,1,1
14139,5,1,1
14140,5,2,1
14141,5,1,1
14142,1,1,1
14143,4,1,1
14145,5,1,1
14146,5,5,4
14147,5,1,1
14148,3,1,1
14149,3,1,1
14150,5,1,1
14152,5,1,1
14154,3,1,3
14155,2,1,1
14156,5,5,5
14157,5,1,1
14158,5,1,1
14159,5,5,5
14161,3,2,3
14162,3,1,1
14163,4,1,2
14164,5,1,1
14165,2,1,1
14167,5,1,2
14171,4,1,1
14173,5,1,1
14174,5,1,1
14175,5,3,4
14176,2,1,1
14177,4,1,2
14178,5,5,4
14179,5,3,3
14180,5,5,5
14184,5,1,1
14185,2,1,2
14188,5,2,1
14189,5,5,4
14191,5,5,4
14193,5,1,1
14194,5,5,5
14195,3,1,1
14196,4,1,1
14198,5,1,2
14199,3,1,1
14201,5,1,1
14204,5,1,1
14205,5,1,1
14206,3,1,1
14208,4,1,1
14209,5,2,3
14210,4,2,3
14211,5,3,3
14212,4,1,1
14213,1,1,1
14214,5,2,1
14215,5,2,2
14216,5,2,2
14217,5,2,4
14218,5,1,1
14219,5,1,1
14220,3,1,1
14221,5,4,4
14222,3,1,1
14223,4,2,2
14224,4,3,3
14226,5,2,2
14227,5,4,4
14229,5,1,1
14231,3,1,2
14232,5,3,2
14233,5,1,1
14234,5,3,2
14235,5,2,1
14236,5,1,1
14237,1,1,1
14238,2,1,1
14239,5,3,3
14240,5,1,1
14241,3,1,1
14242,3,1,1
14243,5,3,4
14245,3,2,3
14246,4,2,2
14247,2,1,1
14248,2,1,1
14250,5,2,2
14251,5,2,1
14256,2,1,2
14257,5,2,2
14258,5,2,3
14259,4,1,1
14261,5,1,2
14262,5,3,2
14264,4,1,1
14265,4,1,2
14267,4,2,2
14270,2,1,1
14271,3,1,1
14272,5,1,1
14273,5,1,1
14276,4,2,2
14277,5,4,5
14280,3,1,1
14282,5,3,2
14284,5,1,1
14285,5,1,1
14286,5,5,3
14287,5,1,1
14288,3,1,1
14289,5,1,2
14290,5,2,3
14291,5,5,4
14292,5,2,3
14293,5,2,1
14295,5,1,1
14297,5,2,1
14298,5,5,5
14299,5,3,4
14300,5,1,1
14301,4,1,1
14304,3,1,1
14305,5,2,2
14306,5,1,1
14307,4,4,3
14309,5,3,2
14311,3,1,1
14312,5,2,2
14314,4,1,1
14315,5,2,3
14317,5,1,1
14320,3,1,1
14321,5,3,2
14323,4,1,1
14326,3,1,1
14327,4,1,1
14329,5,5,5
14331,4,1,1
14332,5,1,1
14333,5,1,1
14334,5,3,4
14335,5,2,1
14336,5,2,1
14338,4,1,1
14339,3,1,1
14340,3,1,1
14341,5,3,2
14342,5,1,1
14344,4,2,2
14345,5,1,1
14346,4,2,2
14348,2,1,1
14349,5,1,1
14350,2,1,1
14351,4,1,1
14352,4,1,2
14353,3,1,1
14354,5,1,1
14355,1,1,1
14356,5,1,1
14357,5,1,1
14359,5,1,2
14360,5,3,3
14362,5,1,1
14364,4,2,2
14367,5,5,5
14368,2,1,1
14371,2,1,1
14373,1,1,1
14375,3,2,1
14377,3,1,1
14379,5,1,1
14381,5,1,1
14382,5,3,2
14383,5,2,2
14385,5,1,1
14386,2,1,1
14387,5,3,3
14388,5,4,4
14389,5,2,1
14390,5,5,5
14393,3,1,1
14395,5,5,5
14396,5,2,2
14397,5,2,2
14400,4,1,1
14401,5,4,2
14403,4,1,2
14404,5,2,2
14406,4,1,1
14407,4,2,2
14408,5,2,2
14409,5,1,1
14410,5,5,5
14411,2,1,1
14412,5,1,1
14413,1,1,1
14414,4,2,1
14415,5,5,5
14416,5,1,1
14418,5,3,2
14419,5,4,4
14420,4,1,1
14421,5,1,1
14422,5,4,4
14423,3,1,1
14424,5,1,1
14426,5,5,5
14427,5,1,1
14428,5,3,4
14431,2,1,1
14432,5,5,4
14434,5,1,1
14436,4,1,1
14437,4,1,1
14438,2,1,1
14439,2,1,2
14440,5,1,2
14441,5,2,3
14442,5,2,3
14443,5,2,2
14446,5,5,4
14447,5,2,2
14448,5,1,1
14449,5,5,3
14450,3,1,1
14451,5,2,2
14452,5,2,2
14453,3,1,1
14456,5,5,5
14457,2,1,1
14459,4,1,1
14460,4,1,1
14461,4,4,4
14462,5,5,5
14463,4,1,1
14465,3,3,3
14466,5,2,2
14467,5,2,2
14470,5,1,2
14472,4,5,5
14473,5,1,1
14474,5,1,2
14475,5,1,1
14476,2,1,1
14477,5,1,1
14479,2,1,1
14480,5,1,1
14481,4,1,1
14482,5,3,3
14483,4,1,1
14484,5,1,1
14485,5,1,1
14487,5,3,3
14488,5,1,1
14489,3,1,1
14491,3,1,1
14493,5,3,3
14494,5,1,1
14495,5,1,1
14496,2,1,1
14497,2,1,1
14498,5,4,4
14499,5,4,3
14500,4,1,1
14501,5,1,1
14502,5,5,5
14503,5,3,3
14504,5,2,3
14505,5,5,5
14506,5,5,5
14507,5,2,2
14508,5,1,2
14511,5,2,2
14512,3,1,1
14513,4,1,1
14514,5,2,2
14515,5,2,2
14517,5,1,1
14518,5,1,1
14520,5,1,1
14522,5,1,1
14523,4,1,1
14524,5,4,5
14525,5,5,5
14527,5,5,5
14528,5,1,1
14529,5,4,3
14530,5,4,5
14532,3,2,3
14533,5,2,1
14534,5,5,5
14535,5,5,5
14536,2,1,1
14537,5,1,1
14538,5,1,1
14539,5,1,1
14540,5,2,2
14541,5,2,2
14542,3,1,1
14543,5,2,5
14544,5,2,2
14546,5,5,5
14547,5,5,5
14548,4,1,1
14549,2,1,2
14550,5,1,1
14551,5,1,1
14552,4,1,1
14553,5,2,3
14554,5,4,4
14555,5,1,1
14557,5,1,1
14560,5,2,3
14561,5,2,1
14562,5,5,5
14565,4,3,3
14566,4,1,1
14567,5,1,1
14569,5,1,1
14570,2,1,1
14572,5,5,5
14573,3,5,5
14576,1,1,1
14577,5,3,2
14578,5,1,1
14581,5,1,1
14582,5,1,1
14583,5,5,4
14584,3,2,3
14585,5,1,1
14586,3,1,1
14587,5,5,5
14589,1,1,1
14591,5,4,4
14592,5,3,2
14593,5,3,2
14594,5,1,2
14595,5,2,2
14597,5,1,1
14598,5,1,1
14600,2,1,1
14601,5,1,1
14603,2,1,1
14606,5,5,5
14607,5,2,2
14608,5,1,1
14609,5,1,1
14616,3,1,1
14618,5,1,1
14619,3,1,1
14620,3,1,1
14621,5,2,2
14622,3,1,1
14623,5,3,3
14624,5,1,1
14625,3,1,2
14626,5,3,3
14627,2,1,1
14628,4,1,1
14629,5,3,4
14631,5,1,1
14632,2,1,1
14633,2,1,1
14636,5,1,1
14638,5,1,1
14639,5,4,5
14640,5,2,3
14641,5,1,1
14642,5,1,1
14643,3,1,1
14644,5,1,1
14645,4,1,1
14646,5,5,5
14647,3,1,1
14649,5,4,4
14651,5,2,2
14652,5,1,1
14653,5,5,5
14655,5,1,1
14656,3,2,2
14657,5,3,3
14658,5,1,1
14659,5,5,5
14660,4,1,1
14661,5,1,1
14662,5,3,3
14664,5,2,2
14665,5,3,3
14666,5,1,1
14667,5,5,5
14669,3,3,3
14670,2,3,2
14672,3,2,2
14673,5,2,2
14675,5,2,2
14676,5,1,1
14679,1,1,1
14680,5,5,5
14681,5,1,1
14682,3,1,1
14684,5,5,5
14687,4,1,1
14688,5,5,5
14689,3,1,1
14690,5,1,1
14691,5,2,2
14692,4,2,2
14693,2,1,1
14696,5,3,2
14697,3,1,1
14698,5,4,4
14699,3,1,1
14700,5,2,2
14701,5,5,5
14702,5,5,5
14703,5,1,1
14704,5,5,5
14705,3,1,1
14708,5,1,1
14709,5,4,4
14710,5,3,2
14711,5,5,5
14712,5,1,1
14713,5,5,5
14714,5,1,1
14715,5,2,2
14716,5,1,1
14719,5,5,4
14720,5,1,2
14722,4,1,1
14723,5,5,4
14725,5,1,2
14727,2,1,1
14729,1,2,1
14730,5,5,5
14731,5,1,1
14732,5,3,4
14733,5,4,5
14735,5,4,5
14737,5,1,1
14738,5,1,2
14739,5,2,1
14740,3,2,2
14741,5,2,1
14744,5,1,1
14745,4,2,1
14747,3,1,1
14748,5,2,2
14752,5,1,1
14753,4,1,1
14754,5,1,1
14755,5,5,5
14756,5,1,1
14757,5,1,1
14758,4,2,3
14759,5,2,4
14760,2,1,1
14761,5,1,1
14762,2,1,1
14764,5,1,1
14765,5,1,1
14766,5,3,3
14768,5,1,1
14769,5,5,5
14770,3,1,2
14772,4,1,1
14775,5,2,1
14776,5,3,1
14777,5,1,1
14778,4,1,1
14779,2,1,2
14780,5,1,1
14782,2,1,1
14784,5,1,1
14785,5,1,1
14788,5,1,1
14789,5,1,1
14790,5,1,1
14792,5,1,1
14793,5,1,1
14794,5,2,2
14795,4,1,1
14796,5,5,5
14798,5,1,1
14799,5,1,1
14800,5,5,5
14801,5,2,1
14803,4,1,1
14804,5,1,1
14805,5,1,2
14806,5,1,1
14808,5,5,5
14810,5,5,4
14813,1,1,1
14815,5,1,1
14816,3,1,2
14817,3,2,2
14818,5,1,2
14819,5,1,1
14820,5,1,1
14821,1,1,1
14823,3,2,2
14824,5,1,1
14825,5,3,2
14828,3,1,1
14829,5,1,1
14830,5,1,1
14834,5,2,2
14836,5,1,1
14837,4,2,2
14840,2,1,1
14841,5,3,3
14842,5,3,5
14844,5,3,3
14847,4,1,1
14849,5,5,5
14850,2,1,1
14851,5,1,1
14852,5,3,3
14853,5,1,1
14854,5,3,3
14855,4,1,1
14856,5,2,2
14857,5,2,2
14859,5,2,2
14860,5,1,1
14861,5,1,1
14862,5,1,1
14863,5,1,1
14865,5,1,1
14866,5,2,3
14867,3,1,1
14868,5,3,3
14869,5,2,2
14870,2,1,1
14871,5,2,2
14873,3,1,1
14875,5,1,2
14878,5,3,2
14880,5,1,2
14881,5,1,1
14882,5,1,1
14883,5,1,1
14885,4,1,1
14886,2,1,1
14887,5,1,1
14888,3,1,1
14889,1,1,1
14890,2,1,1
14891,4,1,1
14893,5,2,2
14894,4,1,1
14895,5,5,5
14896,3,1,1
14897,5,1,2
14898,5,3,3
14901,5,2,2
14902,5,1,1
14903,5,5,5
14904,5,2,1
14905,4,1,1
14907,5,3,4
14908,5,1,1
14910,5,1,1
14911,5,5,5
14912,5,1,1
14913,5,2,1
14915,4,1,1
14916,5,2,1
14918,4,1,1
14920,3,1,2
14921,5,2,1
14923,5,1,1
14924,3,1,1
14929,5,1,1
14930,4,3,4
14931,5,1,5
14932,1,1,1
14934,5,2,2
14935,2,1,1
14936,5,5,5
14937,5,1,1
14944,5,3,4
14946,5,1,1
14947,5,1,1
14948,5,2,2
14950,5,1,1
14951,5,1,1
14952,5,3,4
14953,5,1,1
14954,5,2,2
14957,2,1,1
14958,4,1,2
14959,5,2,1
14960,5,1,1
14961,5,5,5
14962,2,1,1
14963,5,4,3
14964,3,1,1
14965,4,2,2
14966,5,1,1
14967,5,1,1
14968,5,1,1
14970,5,1,2
14971,5,3,3
14972,4,1,1
14973,4,1,5
14974,5,1,1
14975,5,1,1
14976,5,2,2
14978,5,4,5
14981,3,1,1
14984,5,1,2
14985,3,2,1
14987,5,1,1
14988,3,1,1
14995,5,2,1
14997,5,1,1
14998,3,2,2
15000,5,2,2
15002,4,2,2
15004,4,3,3
15005,5,5,5
15006,5,3,2
15007,4,1,1
15009,5,4,3
15010,5,1,1
15012,5,3,2
15014,5,1,1
15016,3,1,1
15017,5,1,1
15018,5,1,2
15019,2,2,1
15021,5,5,5
15022,5,3,3
15023,5,5,5
15024,5,3,3
15025,5,2,2
15026,5,2,1
15027,5,1,1
15028,5,1,1
15030,5,1,1
15031,5,2,3
15032,2,1,1
15033,5,5,5
15034,5,5,5
15035,4,1,1
15036,5,3,2
15038,5,3,4
15039,5,5,5
15041,3,2,1
15042,3,1,1
15043,5,1,1
15044,5,5,5
15045,4,1,1
15046,5,4,4
15047,2,1,1
15048,5,2,2
15049,2,1,1
15050,5,2,2
15051,5,3,2
15052,2,1,1
15053,5,2,1
15054,5,2,2
15057,2,1,1
15058,5,5,5
15059,5,5,5
15060,5,3,2
15061,5,5,5
15062,5,1,1
15063,3,1,1
15065,5,3,5
15066,5,1,2
15067,5,2,2
15068,5,2,2
15069,3,2,2
15070,1,1,1
15071,4,1,1
15073,5,2,2
15074,4,1,1
15075,5,1,1
15076,3,1,1
15078,5,5,5
15079,3,1,2
15081,5,1,2
15083,2,1,1
15087,2,1,1
15088,5,2,2
15089,5,3,3
15090,2,1,1
15091,5,1,1
15092,3,1,1
15093,5,2,2
15095,4,1,1
15096,5,1,1
15097,5,1,1
15098,3,1,5
15099,4,1,1
15100,2,1,1
15101,5,1,1
15103,5,1,2
15104,4,2,3
15105,5,2,2
15106,5,2,2
15107,2,1,1
15108,4,2,2
15109,3,1,2
15110,5,1,2
15111,5,2,2
15113,5,2,2
15114,5,4,2
15115,5,1,1
15116,5,1,1
15117,5,2,2
15118,4,1,1
15119,3,1,1
15120,4,1,1
15121,5,1,1
15122,4,2,2
15123,5,2,2
15124,5,1,1
15125,5,3,3
15127,5,1,1
15128,5,2,2
15129,5,2,2
15130,3,1,1
15132,5,1,1
15133,4,1,1
15134,5,2,1
15135,3,1,1
15136,5,2,1
15139,3,1,1
15140,5,2,2
15142,5,1,1
15143,3,1,1
15144,5,4,4
15145,5,2,2
15146,4,2,1
15147,3,1,1
15148,5,1,1
15149,4,1,1
15150,5,5,5
15152,5,5,5
15153,5,1,1
15154,5,2,2
15156,5,1,1
15157,5,3,2
15158,5,1,1
15159,5,5,5
15160,1,1,1
15163,5,1,1
15164,5,2,2
15165,1,1,1
15167,2,1,1
15168,5,1,1
15171,2,1,1
15172,5,2,2
15174,2,1,1
15175,5,1,1
15178,2,1,1
15179,5,2,2
15180,1,1,1
15181,5,1,1
15182,4,1,1
15184,5,2,2
15185,5,1,1
15186,5,1,1
15187,5,2,2
15189,5,5,5
15192,4,1,1
15193,5,1,1
15194,5,5,5
15195,5,1,1
15197,5,1,1
15198,4,1,1
15199,5,1,1
15201,5,2,1
15203,5,3,2
15204,1,1,1
15205,4,1,1
15206,5,1,1
15208,5,1,2
15210,3,1,1
15211,5,1,2
15212,3,1,1
15213,2,1,1
15214,5,2,2
15215,5,1,2
15216,4,1,1
15218,5,3,4
15219,3,1,1
15220,5,3,2
15221,1,1,1
15222,2,1,1
15223,3,1,1
15224,1,1,1
15225,3,1,1
15226,2,1,1
15227,5,1,2
15228,5,3,3
15230,3,1,1
15232,4,1,1
15234,2,1,1
15235,3,3,3
15236,2,1,1
15237,5,2,2
15238,5,1,2
15239,5,1,1
15240,5,2,2
15241,5,2,2
15243,5,1,1
15244,5,1,1
15245,4,2,1
15246,3,1,1
15247,4,1,1
15249,5,5,5
15251,5,3,3
15252,5,1,1
15253,5,1,1
15254,4,1,1
15255,5,1,1
15256,4,1,1
15257,2,1,2
15258,3,1,2
15260,4,2,2
15261,4,1,1
15262,2,1,1
15263,4,1,1
15264,5,1,1
15265,4,2,3
15266,1,1,1
15267,5,1,1
15269,5,1,1
15270,5,1,2
15271,5,5,5
15272,5,2,2
15274,5,1,1
15275,5,1,1
15276,5,1,1
15277,5,1,1
15279,1,1,1
15280,3,1,1
15281,5,3,4
15286,5,1,1
15287,5,1,1
15288,5,2,2
15289,5,2,1
15290,5,4,5
15291,5,2,4
15292,3,1,1
15296,5,4,5
15297,5,1,1
15298,5,4,3
15299,5,1,5
15300,5,1,1
15301,5,5,5
15303,2,1,1
15304,5,1,2
15306,5,1,1
15307,4,1,1
15308,2,1,1
15311,5,5,5
15312,5,1,1
15313,4,1,1
15314,3,1,1
15315,5,1,1
15316,2,1,1
15318,5,1,1
15319,2,1,1
15320,5,1,1
15321,5,2,3
15322,5,1,1
15325,4,1,1
15326,2,1,1
15327,5,1,1
15329,5,2,2
15330,5,1,1
15332,1,1,1
15333,3,1,1
15334,4,2,1
15335,5,1,1
15339,5,2,2
15341,5,1,1
15342,4,1,1
15343,4,1,1
15344,5,1,2
15345,5,1,2
15346,2,1,1
15347,1,1,1
15348,5,1,1
15349,4,2,2
15350,1,1,1
15351,5,5,5
15353,2,2,2
15355,5,1,1
15356,5,5,5
15358,5,5,5
15360,5,1,1
15361,1,1,1
15363,3,1,1
15364,4,1,1
15365,5,3,5
15366,5,1,1
15367,5,2,2
15368,5,1,1
15369,4,1,5
15370,5,2,3
15372,4,1,1
15373,5,3,5
15374,4,1,1
15376,5,3,3
15379,3,4,3
15380,5,1,2
15381,3,1,1
15382,5,5,5
15384,3,1,1
15385,5,1,1
15386,3,1,1
15388,2,1,1
15389,3,1,1
15392,5,2,2
15393,5,1,1
15394,5,2,2
15395,2,1,1
15396,4,1,1
15397,2,1,1
15398,5,2,2
15399,5,1,1
15400,4,1,1
15402,4,1,1
15405,3,1,1
15406,5,1,2
15407,5,3,4
15408,2,1,1
15410,4,3,3
15411,5,2,3
15412,3,1,1
15414,5,1,1
15415,2,1,1
15416,5,4,4
15417,4,1,1
15419,5,1,1
15421,5,1,1
15422,2,1,1
15423,5,1,1
15424,2,1,1
15426,5,5,5
15427,5,5,4
15428,5,1,1
15429,5,2,2
15432,5,1,1
15433,5,1,1
15434,5,2,2
15435,5,1,1
15436,5,5,5
15437,2,1,1
15438,4,1,1
15440,5,2,1
15442,3,1,1
15443,5,5,5
15444,5,4,4
15445,2,1,1
15447,2,1,1
15448,2,1,1
15449,5,2,1
15450,5,1,1
15452,5,1,1
15453,5,5,5
15454,1,1,1
15456,2,2,1
15457,2,1,1
15458,5,1,1
15460,1,1,1
15462,4,1,1
15463,5,1,1
15464,1,3,4
15465,5,2,5
15466,4,1,1
15467,5,1,1
15468,5,1,1
15469,5,1,2
15471,5,2,1
15472,4,2,2
15473,5,1,1
15475,5,1,1
15478,5,1,1
15480,4,1,2
15482,5,3,3
15483,4,2,1
15484,5,4,3
15485,5,2,2
15488,4,1,1
15489,5,1,1
15491,4,3,4
15492,5,1,1
15493,5,5,5
15494,5,3,2
15497,5,1,1
15498,5,5,5
15500,5,2,2
15502,5,5,5
15503,1,2,1
15504,5,1,1
15505,5,2,2
15506,5,3,2
15507,3,1,2
15508,3,2,2
15510,2,1,1
15511,5,3,4
15512,4,1,1
15513,5,5,5
15514,5,4,4
15516,5,1,1
15517,3,1,1
15518,5,4,4
15520,5,1,1
15521,5,4,5
15522,5,1,1
15523,4,1,1
15524,5,1,1
15525,5,4,3
15526,5,1,1
15527,5,3,4
15528,2,1,1
15529,5,5,5
15530,5,2,2
15531,5,4,5
15532,5,5,5
15533,5,2,3
15535,3,2,3
15537,4,1,1
15539,5,1,1
15540,5,1,1
15541,4,1,1
15543,2,1,1
15544,5,5,3
15545,5,2,2
15547,5,5,5
15549,5,3,3
15550,5,2,2
15551,5,1,1
15552,3,1,1
15553,5,1,1
15554,2,1,1
15555,5,5,5
15556,5,1,1
15557,5,1,1
15561,5,1,1
15562,1,1,1
15563,5,3,2
15565,5,1,1
15567,5,1,1
15568,5,1,1
15569,4,1,1
15570,5,5,5
15571,5,1,1
15572,5,4,5
15573,5,2,2
15574,3,3,3
15576,5,1,1
15577,4,1,1
15578,4,1,1
15579,5,1,2
15581,4,3,5
15582,5,1,1
15584,5,3,3
15585,3,1,1
15587,5,1,1
15589,2,1,1
15590,2,1,1
15592,5,1,1
15593,5,1,1
15594,5,2,2
15596,4,2,3
15597,5,1,1
15598,5,1,1
15599,5,1,1
15601,5,5,5
15602,5,1,1
15603,5,1,1
15604,5,1,1
15605,5,2,2
15606,5,2,2
15607,1,1,1
15608,5,2,2
15609,3,1,1
15610,5,1,1
15611,5,1,2
15612,5,1,1
15615,5,5,5
15618,5,1,1
15619,5,1,1
15620,5,2,3
15621,5,1,1
15622,5,4,5
15623,4,1,1
15624,4,1,1
15625,4,2,1
15626,5,1,1
15628,5,3,3
15630,5,2,2
15632,5,4,3
15634,5,1,1
15636,4,1,1
15637,5,1,1
15638,2,1,1
15639,4,1,1
15640,5,5,5
15641,4,3,2
15643,3,1,2
15644,4,5,3
15645,5,1,1
15646,4,1,1
15648,3,1,1
15649,1,1,1
15651,5,1,1
15652,4,1,1
15653,4,1,1
15654,5,1,1
15655,3,1,1
15656,5,1,2
15657,5,1,1
15658,3,1,3
15659,5,1,1
15660,5,2,2
15661,2,1,1
15663,4,1,1
15664,5,1,1
15665,3,3,2
15667,5,1,1
15668,3,1,1
15669,5,1,1
15670,2,1,1
15671,5,2,2
15673,4,3,3
15674,5,3,5
15675,5,1,1
15676,5,4,5
15677,5,1,1
15678,5,1,1
15679,5,2,1
15680,5,2,2
15681,5,2,1
15683,4,1,1
15687,5,3,5
15689,4,1,1
15690,5,1,1
15691,2,1,1
15692,5,1,1
15694,5,2,3
15695,2,1,1
15696,5,4,5
15699,5,1,1
15700,3,2,2
15701,5,5,5
15703,2,1,1
15704,4,3,3
15705,3,1,1
15706,5,2,2
15707,5,4,3
15708,5,5,5
15709,2,1,1
15712,5,1,2
15713,4,1,1
15714,5,1,1
15716,4,3,2
15717,3,1,1
15719,5,5,5
15720,5,3,2
15721,5,2,2
15722,5,2,2
15723,1,1,1
15724,3,1,1
15725,5,1,1
15727,5,5,5
15728,5,1,1
15729,3,1,1
15730,5,2,2
15732,3,1,1
15733,2,1,1
15734,4,1,1
15737,5,2,2
15738,5,4,3
15739,5,1,1
15740,5,1,1
15743,5,2,3
15744,5,1,1
15745,5,2,2
15746,4,1,1
15747,5,2,2
15748,5,1,1
15749,3,1,1
15750,5,5,5
15752,5,5,5
15753,2,1,1
15754,5,1,1
15755,5,3,3
15756,5,4,3
15757,5,1,1
15758,5,1,1
15759,3,1,1
15762,5,1,1
15763,5,2,3
15764,5,4,4
15766,5,1,1
15768,4,1,2
15769,5,3,2
15773,5,1,1
15774,5,1,1
15775,3,1,1
15776,4,1,1
15777,3,1,1
15780,3,1,1
15781,5,1,1
15782,5,1,2
15783,5,1,1
15785,5,2,2
15786,5,5,5
15787,5,4,3
15789,1,1,1
15790,5,1,1
15791,5,2,2
15793,5,1,1
15795,4,1,1
15796,5,3,4
15797,4,1,1
15799,5,2,2
15800,4,3,2
15801,5,2,2
15802,4,1,5
15803,5,1,1
15804,5,5,5
15805,5,5,5
15806,5,1,1
15807,5,1,1
15808,2,4,5
15809,5,1,2
15810,5,2,2
15811,5,3,3
15812,4,1,2
15813,3,1,1
15814,5,2,2
15815,5,1,1
15819,5,3,2
15820,2,1,1
15821,5,2,2
15822,5,1,1
15823,1,1,1
15825,3,1,2
15826,5,2,2
15827,5,3,4
15829,4,1,1
15830,5,1,1
15831,5,2,2
15832,2,1,1
15834,5,5,5
15835,5,1,1
15836,5,1,1
15837,5,1,1
15838,5,3,2
15839,5,2,1
15840,5,1,1
15841,5,1,1
15843,2,1,1
15844,5,1,1
15845,5,3,3
15847,5,1,1
15850,5,2,1
15852,3,1,1
15853,5,1,1
15854,5,3,3
15855,4,2,1
15856,5,5,5
15857,5,1,1
15858,5,4,3
15860,5,3,3
15861,5,5,5
15862,5,3,3
15863,5,1,1
15864,5,1,1
15865,5,1,2
15866,4,1,2
15867,5,5,5
15869,2,1,1
15870,5,2,1
15872,5,3,2
15874,5,3,5
15877,5,3,2
15880,1,2,2
15881,2,1,1
15882,3,1,1
15883,5,1,1
15885,4,1,1
15886,5,1,1
15888,5,1,1
15889,4,2,2
15891,3,2,1
15894,2,1,1
15895,4,1,1
15897,3,1,1
15898,5,2,2
15899,1,1,1
15900,5,1,1
15901,5,3,2
15903,5,2,1
15904,5,1,1
15906,5,3,4
15907,5,5,4
15909,3,1,1
15910,5,5,3
15912,3,1,1
15916,5,3,4
15917,3,1,1
15918,3,1,1
15919,5,3,3
15920,4,2,1
15921,3,1,1
15922,1,1,1
15923,1,1,1
15925,3,1,1
15930,5,1,1
15932,5,3,2
15933,5,2,1
15935,3,1,2
15937,5,1,1
15938,4,1,1
15939,4,2,1
15940,2,1,1
15942,4,1,1
15944,2,1,1
15945,1,1,1
15947,5,1,1
15948,5,2,1
15949,5,1,1
15950,5,2,3
15951,5,1,2
15952,5,2,2
15953,5,2,2
15955,5,4,4
15957,5,1,1
15958,5,1,1
15963,5,1,1
15965,5,3,2
15967,5,2,2
15969,5,1,1
15970,2,1,1
15971,5,1,1
15973,3,1,1
15974,5,4,3
15975,4,1,1
15976,4,2,2
15977,5,2,2
15978,5,1,1
15980,4,1,1
15981,5,2,2
15983,5,2,2
15984,5,5,5
15985,4,1,1
15986,5,1,1
15987,5,3,2
15988,5,1,1
15990,5,1,1
15992,5,1,1
15993,5,5,5
15994,5,1,1
15996,4,3,4
15998,5,5,5
16000,5,1,1
16003,5,2,4
16005,5,4,4
16006,3,1,1
16007,5,5,5
16008,5,1,1
16009,5,2,2
16010,3,2,2
16011,5,4,3
16012,5,2,2
16013,5,3,3
16014,5,3,3
16015,5,4,2
16016,5,5,5
16017,5,1,1
16018,5,1,1
16019,5,3,4
16020,5,1,1
16022,2,2,2
16023,5,2,2
16024,5,2,1
16025,5,1,1
16026,5,1,1
16027,4,1,2
16029,5,5,5
16030,2,1,1
16031,4,2,2
16033,5,5,5
16034,3,1,1
16036,4,1,1
16037,2,1,1
16038,5,1,1
16040,5,2,2
16041,5,1,1
16042,5,2,2
16043,5,1,2
16045,4,2,2
16048,4,1,1
16049,5,5,4
16050,3,1,1
16052,5,1,1
16053,5,2,2
16054,4,2,2
16055,3,1,1
16056,5,2,2
16057,5,3,4
16059,5,4,4
16061,2,1,1
16062,5,2,2
16063,2,1,1
16065,1,2,1
16066,5,2,2
16070,5,1,1
16071,5,1,1
16072,2,1,2
16073,2,1,1
16076,5,3,2
16078,2,1,1
16079,5,1,1
16080,5,1,1
16081,5,4,4
16083,4,1,1
16084,2,1,1
16085,5,3,3
16086,5,1,1
16091,4,1,1
16092,4,1,1
16093,4,1,1
16094,5,2,2
16096,2,1,1
16097,3,1,1
16098,4,2,2
16099,5,1,1
16101,5,2,2
16102,5,1,1
16103,5,1,2
16104,5,1,1
16105,3,1,1
16106,5,1,1
16107,5,1,1
16108,4,1,1
16109,3,1,1
16110,5,5,5
16112,4,1,1
16113,3,1,1
16114,3,1,1
16115,5,5,4
16116,3,1,1
16117,3,1,1
16119,5,1,1
16120,5,1,1
16121,5,4,3
16122,5,1,1
16123,5,1,1
16124,2,1,1
16125,1,1,1
16126,5,3,3
16127,5,1,1
16128,5,2,2
16131,5,2,2
16133,5,5,5
16134,5,1,1
16135,2,1,1
16136,5,1,1
16138,1,1,1
16139,5,1,1
16140,5,1,1
16141,4,1,1
16142,3,1,1
16143,5,3,3
16144,3,1,1
16145,5,5,4
16146,4,1,1
16147,4,1,1
16148,2,1,1
16149,5,1,1
16150,5,3,3
16152,2,1,2
16153,5,2,2
16156,5,3,3
16157,5,1,1
16159,2,1,1
16160,5,1,1
16161,5,5,5
16162,2,1,1
16163,3,1,1
16164,5,1,1
16168,5,2,2
16169,5,2,2
16170,5,3,2
16171,5,1,1
16172,4,2,1
16173,5,2,3
16174,4,1,1
16175,4,1,2
16177,5,1,1
16178,4,1,1
16179,5,1,1
16180,4,4,3
16181,5,1,1
16182,5,1,1
16183,5,1,1
16184,5,1,2
16185,5,1,1
16186,5,4,3
16187,5,5,4
16188,5,2,1
16189,5,1,1
16190,5,1,1
16191,5,3,3
16193,3,1,1
16198,5,1,1
16200,5,4,3
16201,5,2,2
16202,1,1,1
16203,5,1,1
16204,5,1,1
16205,5,2,2
16206,5,2,1
16207,5,1,1
16208,5,2,2
16209,4,1,1
16210,5,3,3
16211,5,1,1
16212,5,1,2
16213,5,1,1
16214,3,1,2
16215,5,1,1
16216,2,1,2
16217,3,1,1
16218,5,2,1
16221,5,2,2
16222,2,3,3
16224,5,2,2
16225,5,3,2
16226,3,1,1
16227,3,1,1
16229,4,1,1
16230,3,1,1
16232,5,1,1
16233,5,1,1
16235,5,1,2
16236,5,1,1
16239,5,1,1
16240,5,3,4
16241,5,5,5
16242,5,5,5
16243,5,1,2
16244,3,2,2
16245,5,2,2
16247,3,1,1
16248,5,1,1
16249,5,2,2
16250,2,1,1
16252,1,1,1
16253,5,3,2
16255,5,5,5
16256,2,1,1
16257,3,1,1
16258,5,3,3
16260,5,1,1
16261,5,3,3
16262,1,1,1
16265,5,5,5
16266,5,2,2
16268,5,1,2
16270,1,1,2
16271,5,3,2
16272,4,1,1
16274,1,2,2
16275,3,1,1
16276,3,1,1
16278,5,1,2
16279,5,2,2
16281,5,1,1
16282,1,1,1
16283,5,3,3
16284,5,2,2
16287,3,1,1
16292,4,1,1
16293,5,3,3
16295,5,2,2
16297,3,1,1
16298,5,1,1
16302,4,1,1
16303,5,3,3
16305,4,1,1
16306,3,1,1
16308,5,1,1
16309,4,1,1
16311,5,1,1
16313,5,1,1
16315,2,1,1
16316,5,3,5
16317,4,2,2
16318,5,1,1
16319,3,1,1
16320,3,1,1
16321,5,1,1
16322,5,1,1
16323,3,1,1
16324,4,3,2
16325,5,1,1
16326,5,5,5
16327,5,5,4
16330,5,1,1
16332,5,3,3
16333,5,1,1
16337,5,1,1
16338,4,1,1
16339,2,1,1
16340,4,3,2
16341,5,2,1
16342,5,1,1
16343,5,1,1
16344,4,1,1
16345,5,1,1
16347,5,2,3
16348,5,5,4
16349,2,1,1
16350,5,2,2
16351,2,1,1
16352,5,1,1
16353,5,2,2
16354,5,1,1
16356,3,1,1
16357,5,1,1
16358,5,2,2
16359,5,2,5
16360,5,5,5
16361,5,2,2
16362,5,2,2
16363,5,1,1
16364,5,1,2
16365,5,1,2
16366,5,1,1
16367,5,3,2
16368,5,2,2
16369,5,3,2
16370,5,4,4
16372,5,2,2
16374,5,2,2
16376,5,3,2
16377,2,1,1
16378,3,1,1
16379,5,2,2
16380,5,1,1
16383,5,2,2
16384,4,1,1
16385,5,2,1
16386,5,2,1
16387,2,1,1
16389,5,1,1
16392,2,1,1
16393,5,5,5
16394,5,2,1
16395,5,4,3
16398,4,2,4
16399,5,2,2
16400,4,1,1
16401,5,4,2
16402,2,2,1
16403,2,1,1
16404,5,1,1
16405,2,1,1
16406,5,2,1
16407,5,3,4
16409,5,5,4
16411,5,1,1
16412,5,1,1
16413,5,1,1
16414,5,1,1
16415,5,1,1
16416,5,2,2
16418,5,2,3
16419,4,1,2
16422,5,5,5
16423,5,1,1
16424,3,1,1
16425,2,1,1
16426,5,5,5
16427,2,1,1
16428,5,1,1
16429,4,1,1
16430,5,1,1
16431,3,2,1
16432,5,1,1
16433,5,1,1
16434,5,2,3
16438,5,3,2
16440,5,5,4
16441,5,1,1
16442,5,4,3
16444,5,2,2
16445,5,2,1
16446,5,1,1
16447,4,1,1
16448,3,1,1
16449,3,1,1
16450,4,1,1
16451,4,1,1
16454,5,1,1
16455,5,2,2
16456,4,2,2
16457,3,1,1
16458,5,4,3
16460,5,3,2
16461,3,1,1
16462,5,1,1
16463,5,2,2
16464,5,5,4
16466,5,3,3
16468,5,1,1
16469,5,4,4
16470,5,3,2
16471,2,1,1
16473,4,1,1
16474,5,5,5
16475,4,1,1
16477,5,3,3
16478,5,1,1
16479,5,1,1
16480,5,1,2
16482,5,1,1
16483,3,1,1
16484,3,1,1
16485,5,1,1
16488,5,1,1
16491,5,1,1
16493,5,2,1
16494,2,1,1
16495,5,2,2
16496,5,2,2
16497,5,3,3
16498,4,1,1
16499,1,1,1
16500,5,1,2
16503,4,2,3
16504,5,2,1
16505,5,1,1
16506,5,1,1
16509,2,1,1
16510,1,1,1
16511,5,3,4
16513,5,1,1
16515,5,2,2
16516,5,1,1
16517,2,1,1
16518,5,1,1
16519,5,1,1
16520,3,3,3
16523,5,5,5
16525,5,4,5
16526,3,1,1
16527,5,1,1
16528,5,1,1
16529,3,1,1
16531,5,2,2
16532,5,1,1
16533,5,4,3
16535,5,1,1
16536,4,1,2
16539,5,1,2
16542,5,1,1
16545,4,1,1
16546,2,1,1
16549,5,5,5
16550,4,5,4
16551,4,1,1
16552,3,1,1
16553,4,2,2
16554,5,2,2
16555,5,1,1
16556,5,4,5
16557,5,1,1
16558,5,5,5
16560,5,1,2
16561,5,1,1
16563,5,1,1
16565,1,1,1
16566,5,1,1
16567,3,1,1
16569,5,1,1
16570,5,3,3
16571,5,2,2
16572,4,1,2
16573,5,1,2
16574,5,1,1
16579,1,1,1
16581,4,1,1
16582,4,1,1
16583,1,1,1
16584,5,1,1
16586,3,1,1
16587,3,1,1
16589,5,1,1
16591,5,1,1
16592,5,4,3
16593,5,1,1
16594,5,1,1
16595,5,2,1
16596,5,1,1
16597,5,1,1
16598,2,1,1
16600,5,2,1
16601,5,1,1
16602,5,1,1
16603,5,1,1
16607,5,4,5
16609,5,5,5
16610,3,1,1
16611,3,1,1
16612,5,2,2
16613,5,1,1
16614,3,1,1
16616,5,1,1
16617,3,1,1
16618,5,2,3
16619,2,1,1
16620,5,1,1
16621,5,1,1
16623,3,1,1
16624,5,1,1
16625,2,1,1
16626,5,4,5
16627,5,1,1
16628,5,3,2
16629,5,2,1
16633,5,3,5
16634,3,1,1
16637,5,2,2
16638,5,2,3
16639,5,1,2
16641,4,1,1
16642,5,1,1
16643,3,1,1
16644,3,2,1
16647,3,1,1
16648,5,1,1
16650,5,1,1
16652,5,3,3
16653,5,2,2
16654,4,1,1
16655,5,5,4
16656,5,2,2
16657,5,4,2
16658,1,1,1
16659,3,1,1
16660,5,1,1
16665,1,1,1
16666,5,1,1
16667,5,1,2
16668,5,1,1
16669,5,3,3
16670,5,5,5
16671,5,1,1
16672,5,3,3
16674,5,2,2
16676,5,2,3
16678,5,3,2
16679,1,1,1
16680,5,1,1
16681,5,1,1
16682,5,1,1
16684,5,5,5
16685,5,2,1
16686,5,5,5
16688,5,2,2
16689,5,1,1
16690,5,1,1
16692,2,1,1
16693,5,2,2
16696,4,1,1
16697,3,1,1
16698,3,1,1
16700,5,5,4
16701,5,3,2
16705,5,5,5
16706,5,3,3
16708,5,1,1
16709,4,2,3
16710,5,5,5
16711,5,1,1
16712,5,5,5
16713,5,5,5
16714,3,2,3
16715,5,1,1
16716,2,1,1
16717,5,5,5
16718,1,1,1
16719,5,4,5
16720,5,1,1
16721,2,1,1
16722,5,4,2
16723,4,1,2
16725,2,3,4
16726,5,4,3
16727,1,1,1
16728,5,5,4
16729,5,5,5
16730,5,2,1
16732,5,1,1
16734,5,1,2
16735,5,3,2
16737,5,1,1
16738,2,1,1
16739,3,1,1
16742,5,1,3
16743,5,4,2
16744,5,5,4
16745,4,5,5
16746,5,5,5
16747,5,1,1
16748,5,2,1
16750,5,2,3
16751,5,1,1
16752,1,1,1
16753,5,1,1
16754,1,1,1
16755,4,4,3
16756,3,1,1
16757,2,1,1
16758,5,1,1
16759,5,1,1
16761,4,1,1
16762,5,2,2
16763,3,1,1
16764,5,5,5
16765,2,1,1
16766,2,1,1
16767,5,4,3
16768,5,1,2
16769,2,1,2
16770,5,3,2
16771,5,5,5
16773,5,1,1
16774,5,1,1
16775,5,3,5
16776,5,2,1
16777,5,1,2
16778,5,1,1
16779,5,5,5
16780,4,2,1
16781,1,1,1
16782,5,4,5
16784,5,1,1
16788,4,3,3
16789,5,1,1
16790,5,2,2
16791,5,5,5
16792,2,1,1
16793,5,1,1
16794,5,5,4
16795,1,2,1
16796,4,1,1
16800,5,3,4
16801,4,3,5
16803,5,1,1
16804,5,2,2
16805,3,2,2
16806,4,2,2
16807,4,2,2
16808,4,1,1
16809,5,3,2
16810,3,1,1
16811,5,1,1
16812,1,1,1
16813,5,5,5
16814,5,5,5
16816,4,1,1
16817,5,2,3
16818,5,4,3
16820,4,1,1
16823,3,1,1
16824,5,1,1
16825,5,1,1
16826,5,1,1
16828,4,1,1
16829,4,1,1
16830,5,1,1
16832,3,1,1
16833,5,1,1
16834,3,1,1
16835,4,1,1
16836,5,1,1
16837,5,3,5
16838,3,1,2
16839,5,5,5
16841,5,3,1
16842,5,2,2
16843,5,5,5
16846,5,1,1
16847,5,1,1
16848,5,1,1
16849,3,1,1
16850,2,1,1
16851,5,1,1
16852,5,1,1
16855,5,1,1
16856,5,1,1
16858,1,1,1
16859,4,2,2
16861,5,1,1
16863,5,1,1
16866,4,1,1
16869,5,3,2
16871,5,3,4
16872,5,1,1
16873,5,5,5
16875,5,3,3
16877,5,3,3
16878,5,1,1
16880,5,4,4
16881,5,1,1
16882,5,1,1
16883,3,1,1
16884,5,1,1
16885,5,2,3
16887,5,1,1
16889,3,3,3
16891,5,4,4
16892,5,2,3
16893,1,1,1
16895,5,2,1
16897,2,1,2
16898,5,3,2
16899,5,3,3
16900,5,2,5
16902,4,1,2
16903,5,2,1
16904,5,5,5
16905,5,4,5
16906,5,2,2
16907,5,3,4
16909,5,1,1
16910,5,5,5
16912,5,2,3
16913,2,1,1
16914,5,1,1
16915,5,1,2
16916,5,3,2
16917,2,1,1
16918,5,3,2
16919,4,5,5
16921,5,2,1
16923,5,5,5
16924,5,2,2
16926,1,1,1
16927,4,1,1
16928,5,4,3
16929,5,2,1
16930,5,1,1
16931,5,5,5
16932,5,1,1
16933,5,1,1
16934,5,2,2
16936,5,1,1
16938,5,5,5
16940,5,5,4
16942,5,5,5
16943,3,1,2
16945,5,5,4
16947,3,1,1
16948,4,1,1
16949,5,2,4
16950,5,1,1
16951,4,2,1
16952,4,1,1
16953,5,1,1
16954,5,1,2
16955,3,1,1
16956,5,1,1
16957,3,1,1
16959,4,1,1
16960,5,2,2
16961,4,1,1
16963,3,1,1
16965,3,1,1
16966,5,1,1
16967,3,1,1
16968,5,1,1
16969,5,1,1
16971,5,1,3
16976,2,1,1
16978,5,1,1
16979,5,2,2
16980,2,2,2
16982,5,1,1
16983,5,3,3
16984,5,5,5
16985,5,3,3
16986,5,1,1
16987,5,3,4
16988,5,1,1
16989,5,1,1
16990,3,1,1
16992,5,2,3
16995,1,1,1
16996,5,1,1
16997,2,1,1
16998,4,1,1
16999,5,1,1
17001,5,3,4
17002,5,1,2
17004,5,1,1
17006,5,1,1
17007,5,1,2
17010,5,1,1
17011,5,1,1
17014,5,2,2
17015,5,4,2
17017,5,5,3
17018,5,1,1
17019,5,5,3
17022,5,1,1
17024,5,1,1
17025,5,1,1
17026,3,1,1
17027,5,3,3
17029,4,1,1
17030,5,1,1
17031,5,1,1
17033,4,1,1
17034,5,1,1
17035,3,1,1
17037,5,2,2
17038,5,1,1
17040,4,1,1
17041,5,2,1
17042,5,2,2
17043,5,2,2
17044,5,1,1
17045,4,1,1
17046,4,1,1
17047,4,2,2
17048,4,1,2
17049,5,5,5
17050,4,5,5
17051,3,1,1
17052,5,2,2
17053,4,1,1
17054,5,2,3
17058,5,2,2
17059,5,5,5
17060,2,1,1
17061,5,2,4
17062,2,2,1
17063,5,2,2
17064,5,2,2
17065,4,1,1
17068,5,5,5
17069,5,3,3
17070,4,2,1
17071,5,3,3
17073,5,4,4
17075,5,2,2
17076,5,1,1
17078,5,1,1
17079,5,1,1
17080,5,1,1
17081,5,2,2
17082,5,2,3
17083,4,1,1
17084,5,3,3
17085,4,4,4
17086,5,2,2
17088,5,2,3
17090,5,2,2
17091,5,4,4
17092,5,3,2
17094,2,1,1
17095,5,2,3
17096,5,1,2
17097,5,4,4
17100,5,2,1
17101,5,1,1
17102,2,1,1
17105,4,2,2
17107,5,5,5
17109,5,3,2
17110,4,1,1
17111,5,1,1
17114,5,3,5
17115,5,1,2
17117,2,1,1
17118,2,1,1
17119,5,1,1
17120,3,1,1
17122,4,1,1
17123,4,1,1
17124,3,1,1
17125,5,1,1
17126,4,5,3
17128,1,1,1
17131,5,3,3
17133,5,1,1
17134,4,1,1
17135,5,1,2
17138,2,1,1
17139,5,5,5
17140,3,1,1
17142,3,1,2
17144,5,1,2
17146,4,1,2
17147,5,2,2
17148,5,1,1
17152,3,1,1
17153,5,1,1
17154,5,1,1
17155,5,1,1
17157,5,1,1
17158,5,2,2
17159,5,2,2
17160,5,4,3
17162,5,2,3
17163,5,1,1
17164,5,3,3
17165,2,1,1
17166,5,1,1
17169,5,2,2
17171,2,1,1
17172,5,1,1
17173,5,2,2
17174,3,1,1
17175,5,2,2
17176,3,1,1
17179,3,2,2
17180,5,3,2
17181,5,1,1
17183,5,2,2
17186,5,1,1
17187,3,1,1
17188,5,2,2
17189,4,2,1
17190,5,1,3
17191,5,5,4
17193,5,1,1
17194,2,1,1
17197,5,1,1
17198,5,2,2
17201,5,1,1
17203,5,3,2
17204,3,2,2
17205,5,1,1
17206,5,1,1
17211,5,4,5
17212,2,1,1
17213,5,3,5
17214,5,2,4
17217,3,1,1
17218,5,5,5
17219,5,1,1
17220,5,5,5
17221,5,2,1
17222,5,1,1
17223,2,1,2
17226,2,1,1
17227,5,1,1
17228,5,4,3
17229,4,1,1
17230,2,2,2
17231,5,5,5
17232,5,1,1
17233,5,1,1
17234,3,1,1
17235,5,1,1
17236,5,2,2
17237,5,1,1
17238,5,5,5
17239,2,1,1
17242,4,1,1
17243,5,5,5
17244,5,1,1
17245,3,1,1
17247,5,1,2
17248,4,2,1
17250,5,1,2
17251,1,1,1
17252,4,2,2
17253,5,1,1
17254,5,2,1
17255,5,2,1
17256,4,1,1
17259,4,3,2
17262,5,1,1
17263,3,1,1
17265,4,3,2
17266,5,2,2
17267,4,1,1
17268,4,1,1
17272,5,3,2
17274,5,1,1
17277,3,2,2
17278,3,1,1
17279,5,1,1
17282,4,2,2
17284,5,5,3
17286,5,1,1
17287,5,3,3
17288,5,3,3
17289,5,2,2
17290,5,2,2
17291,2,1,1
17293,5,3,3
17295,5,2,2
17297,5,1,1
17298,4,1,1
17299,5,1,1
17301,5,2,1
17302,5,2,2
17303,1,1,1
17306,5,2,1
17307,1,1,1
17309,4,1,1
17311,5,1,1
17312,4,1,1
17313,5,1,1
17314,5,3,2
17315,5,5,5
17317,5,1,1
17320,4,2,2
17321,5,2,2
17323,5,4,2
17324,5,1,1
17325,2,1,1
17329,5,1,1
17330,5,1,1
17331,4,1,1
17333,4,1,1
17334,2,1,1
17337,4,5,5
17338,5,5,5
17339,4,1,1
17340,5,5,5
17341,4,4,3
17343,1,1,1
17344,5,1,1
17345,5,2,2
17346,5,5,5
17347,4,1,1
17348,5,4,3
17349,3,1,1
17350,5,2,2
17351,5,1,1
17353,4,1,1
17354,5,1,1
17356,2,1,1
17357,5,1,1
17358,2,2,1
17359,5,1,1
17360,5,3,3
17361,5,1,1
17362,3,1,1
17364,5,5,5
17365,5,5,5
17367,3,1,1
17368,5,3,2
17370,5,1,1
17371,5,2,2
17372,5,5,4
17373,5,1,1
17374,3,1,2
17375,3,2,2
17376,5,1,1
17377,5,5,5
17379,5,2,1
17381,5,2,1
17382,5,1,1
17383,5,1,1
17384,5,1,1
17385,5,1,1
17386,5,1,1
17387,5,2,2
17388,5,1,1
17389,5,4,5
17391,4,1,1
17392,2,2,2
17394,3,1,1
17396,5,1,1
17397,5,2,2
17398,4,1,2
17400,4,4,5
17402,5,2,3
17403,5,1,1
17404,5,4,3
17405,5,2,2
17406,2,3,5
17408,4,1,1
17409,3,1,1
17410,5,2,2
17411,5,1,2
17412,5,2,2
17414,5,1,1
17415,5,1,2
17416,5,5,4
17418,5,1,1
17419,5,4,5
17420,5,1,1
17422,5,3,2
17423,5,1,1
17425,5,1,1
17426,5,5,5
17427,5,1,1
17428,5,5,5
17429,4,1,1
17430,5,1,1
17431,2,1,1
17432,5,1,1
17433,4,1,1
17434,5,3,3
17436,5,1,1
17438,3,1,1
17440,4,1,1
17442,5,3,3
17443,3,1,1
17444,4,3,5
17446,3,1,1
17447,5,1,1
17448,4,1,5
17449,5,5,5
17450,5,5,5
17451,5,2,2
17453,5,1,1
17454,3,2,1
17455,3,1,1
17456,1,1,1
17457,4,1,1
17458,5,1,1
17459,5,2,2
17460,5,1,1
17461,5,2,2
17462,5,1,1
17463,5,4,4
17464,4,1,1
17466,5,1,2
17468,5,1,1
17469,5,2,2
17470,5,2,1
17472,3,4,3
17475,5,1,1
17480,5,1,1
17481,5,2,2
17483,5,1,1
17486,2,1,1
17489,5,1,1
17490,5,2,2
17491,5,2,3
17492,3,1,1
17495,5,1,1
17496,1,1,1
17498,5,1,1
17499,2,1,1
17500,5,1,2
17501,3,1,1
17502,5,1,1
17503,5,1,1
17504,3,3,3
17505,4,1,1
17506,5,1,1
17507,2,2,2
17508,2,1,1
17509,5,5,5
17510,5,1,1
17511,5,5,5
17512,5,2,2
17513,5,1,1
17514,4,1,1
17515,5,2,2
17516,5,3,3
17517,2,1,1
17519,5,2,2
17520,5,1,1
17521,5,1,1
17522,5,2,1
17523,5,1,1
17524,1,1,1
17525,1,1,1
17526,5,1,1
17527,5,1,2
17528,5,5,5
17530,5,5,5
17531,4,1,1
17534,5,1,1
17535,2,1,1
17536,3,1,1
17537,5,2,2
17538,5,1,1
17540,5,1,1
17542,2,1,1
17545,5,3,3
17547,1,1,1
17548,3,1,1
17549,5,1,1
17550,3,1,1
17551,1,1,1
17552,5,1,1
17553,4,1,1
17554,5,2,2
17555,5,2,2
17556,3,1,1
17557,5,1,1
17560,4,1,1
17561,5,1,1
17562,5,2,1
17564,5,1,2
17566,5,3,3
17567,5,4,3
17569,2,1,1
17571,5,5,5
17572,5,1,1
17573,5,1,1
17574,3,1,1
17576,5,5,5
17578,3,1,1
17579,5,1,1
17580,2,1,1
17581,5,5,5
17582,3,1,1
17584,5,1,1
17585,4,4,2
17588,4,1,1
17589,5,5,4
17590,5,4,4
17591,5,3,4
17593,5,4,4
17594,4,1,1
17595,5,2,2
17596,5,5,4
17597,3,1,2
17600,5,1,1
17601,3,1,1
17602,5,5,5
17603,5,1,5
17604,3,2,1
17608,5,2,1
17609,5,5,4
17611,5,5,5
17612,5,3,3
17613,5,5,5
17614,5,2,2
17615,4,1,1
17616,3,1,1
17618,5,2,2
17619,2,2,1
17620,5,1,1
17621,5,1,1
17623,5,1,1
17624,5,1,1
17625,5,5,5
17628,5,1,1
17629,5,3,2
17630,3,1,2
17631,5,1,1
17633,5,2,2
17634,5,5,5
17636,5,1,1
17637,5,1,1
17639,2,1,1
17640,4,1,1
17642,4,1,1
17643,1,1,1
17644,5,3,3
17646,3,1,2
17647,5,1,1
17648,5,2,4
17649,4,1,2
17650,5,1,1
17651,5,5,3
17652,5,5,5
17653,5,1,2
17654,2,1,1
17655,5,2,3
17656,5,2,2
17658,5,1,1
17659,5,3,4
17660,4,1,1
17663,5,2,3
17664,5,1,1
17666,5,1,1
17667,5,3,3
17668,5,1,1
17669,5,2,1
17670,3,1,1
17671,5,2,2
17672,5,2,3
17673,5,4,3
17674,5,1,1
17675,5,5,5
17676,5,2,1
17677,5,5,5
17678,2,1,1
17679,5,1,1
17680,5,1,1
17682,5,3,2
17684,5,1,1
17685,5,3,2
17686,5,5,5
17690,5,5,5
17691,1,1,1
17692,4,1,1
17693,4,1,1
17694,4,1,1
17695,4,1,1
17696,5,3,2
17697,3,1,1
17698,2,1,1
17700,5,3,3
17701,2,1,1
17702,5,2,1
17703,5,1,1
17704,3,1,1
17705,5,2,3
17706,5,5,5
17707,3,1,1
17708,3,1,1
17709,3,1,1
17711,5,1,1
17712,5,1,1
17714,2,1,1
17715,3,1,1
17716,5,5,4
17718,3,1,1
17719,5,5,5
17720,5,1,2
17722,4,3,3
17723,4,1,1
17724,5,1,2
17725,5,4,4
17727,5,2,2
17728,5,3,5
17730,5,4,3
17731,5,2,3
17732,1,1,1
17733,5,1,1
17734,5,1,1
17735,5,5,5
17736,5,1,2
17737,5,1,1
17738,5,2,3
17739,5,1,2
17742,4,1,1
17744,5,3,1
17746,3,1,1
17747,4,1,1
17749,3,1,1
17750,5,4,1
17752,1,1,1
17754,5,2,1
17757,5,5,5
17758,5,5,5
17759,5,2,2
17760,5,1,1
17761,5,1,1
17763,2,1,1
17764,5,2,2
17765,4,1,2
17767,5,1,1
17768,5,2,3
17769,5,5,5
17770,3,1,2
17771,5,1,1
17772,5,1,2
17774,4,3,4
17775,2,1,1
17777,5,4,2
17779,5,2,2
17781,4,1,1
17783,5,2,1
17785,5,1,1
17786,4,2,1
17787,4,3,3
17788,5,1,1
17789,2,1,1
17790,5,4,4
17791,5,1,1
17793,5,1,2
17795,3,1,1
17796,5,2,2
17797,5,2,2
17799,5,5,5
17800,5,2,2
17802,5,3,3
17805,5,1,1
17806,5,1,1
17809,5,2,5
17811,5,5,5
17812,5,3,3
17813,5,5,5
17816,5,1,1
17817,5,1,2
17819,5,1,2
17820,3,1,1
17824,5,1,1
17827,5,4,4
17828,5,2,3
17829,2,1,1
17830,5,1,1
17831,5,1,1
17832,5,2,1
17835,5,2,1
17836,5,1,1
17837,5,3,5
17838,5,3,3
17839,5,1,1
17841,5,5,5
17843,2,1,1
17844,4,1,1
17846,4,1,5
17848,5,1,2
17849,3,1,2
17850,2,5,5
17852,5,1,1
17854,3,1,1
17855,1,1,1
17856,5,1,1
17857,5,1,4
17858,5,4,5
17859,2,1,1
17860,1,1,1
17861,5,4,4
17862,2,1,1
17863,5,3,2
17864,5,2,2
17865,5,5,5
17866,4,1,1
17867,5,2,2
17869,4,1,2
17870,5,5,4
17871,3,1,1
17873,5,1,2
17874,3,1,2
17877,3,1,1
17878,5,1,1
17879,3,1,1
17880,1,1,1
17881,2,1,1
17883,5,3,2
17884,5,3,2
17885,5,2,1
17886,5,2,2
17887,4,1,1
17888,5,2,2
17889,3,1,1
17890,2,2,2
17891,4,1,1
17892,5,1,1
17893,3,1,1
17894,5,4,4
17895,5,1,1
17896,5,1,1
17897,3,2,3
17898,4,1,1
17899,4,1,1
17900,4,1,1
17901,5,1,1
17904,5,1,1
17905,5,1,1
17906,3,1,1
17908,1,1,1
17911,5,1,1
17912,2,1,1
17913,5,2,1
17914,5,2,1
17917,5,2,2
17919,4,1,1
17920,5,5,5
17921,5,3,3
17923,2,1,1
17924,5,1,1
17925,1,1,1
17926,4,1,1
17928,5,1,1
17929,5,1,1
17930,5,1,1
17931,4,2,2
17932,5,2,2
17934,5,1,1
17935,4,1,1
17936,5,2,2
17937,5,1,1
17939,4,1,1
17940,5,1,5
17941,4,1,1
17942,5,1,1
17946,3,1,1
17947,5,1,1
17948,4,1,1
17949,5,2,5
17950,5,2,1
17951,5,1,1
17954,5,5,5
17955,3,1,1
17956,3,1,1
17957,5,1,1
17958,4,1,1
17960,3,1,1
17961,5,5,5
17962,4,1,1
17964,5,2,2
17965,5,5,5
17966,5,2,1
17967,1,1,1
17968,1,2,1
17969,4,1,1
17970,3,1,1
17972,3,1,1
17973,5,1,1
17974,5,4,3
17975,5,5,5
17976,1,2,2
17977,5,1,1
17978,1,1,1
17979,5,3,3
17980,4,1,1
17984,4,1,1
17985,5,1,1
17986,5,1,1
17987,3,1,1
17988,5,1,2
17990,3,1,1
17991,3,1,1
17994,4,2,2
17995,2,1,1
17997,5,4,2
17999,5,2,2
18001,5,1,1
18004,1,1,1
18005,5,2,2
18006,5,1,1
18008,5,1,1
18009,3,1,1
18010,2,1,1
18011,1,1,1
18013,4,1,1
18014,5,1,1
18015,5,1,1
18016,5,3,3
18017,5,1,1
18018,4,1,1
18019,5,1,1
18022,5,4,2
18024,4,1,1
18027,4,1,1
18030,5,1,1
18032,1,1,1
18033,5,1,1
18034,5,2,1
18035,5,1,1
18036,5,2,2
18037,4,1,1
18040,5,1,1
18041,5,5,5
18042,5,1,1
18043,5,3,3
18044,5,3,4
18045,5,1,1
18048,3,1,1
18050,1,1,1
18053,5,1,1
18055,5,5,5
18056,2,1,1
18058,5,1,1
18059,5,1,1
18061,5,1,2
18062,3,1,1
18064,4,1,1
18065,5,3,4
18066,5,1,1
18067,5,1,1
18068,2,1,1
18069,5,5,5
18071,2,1,1
18072,4,1,1
18073,4,2,2
18074,1,1,1
18075,5,3,4
18077,5,4,3
18078,3,1,1
18079,5,3,1
18080,5,1,1
18081,5,1,1
18082,5,2,1
18084,5,1,1
18085,2,1,1
18086,2,1,1
18087,4,1,5
18088,5,1,1
18092,5,2,2
18093,4,1,1
18094,5,2,1
18095,2,1,1
18096,5,4,3
18097,5,2,2
18099,4,1,1
18101,5,1,1
18102,5,5,5
18104,5,1,1
18105,5,1,1
18106,2,1,1
18108,3,1,1
18109,5,5,5
18110,5,1,1
18112,5,1,1
18113,1,1,1
18114,2,1,1
18116,5,5,5
18117,5,2,1
18118,5,5,5
18119,1,1,1
18120,3,1,1
18121,4,1,1
18122,5,5,5
18123,5,1,1
18125,5,4,3
18126,5,1,1
18127,5,1,1
18129,3,1,1
18130,5,2,1
18133,3,1,1
18135,5,1,1
18136,5,1,1
18138,2,1,1
18139,5,3,2
18141,1,1,1
18142,4,1,1
18143,4,2,1
18144,5,1,2
18145,5,4,3
18146,4,1,1
18147,5,1,1
18149,5,1,1
18150,5,1,1
18151,4,1,1
18154,5,1,1
18155,5,1,1
18156,5,3,3
18158,5,1,1
18159,2,1,1
18160,5,1,1
18161,5,2,2
18164,5,1,1
18165,3,1,1
18167,5,1,1
18168,3,3,3
18169,5,1,1
18170,5,1,1
18171,5,1,2
18172,5,4,4
18173,4,1,1
18174,5,1,1
18176,1,1,1
18177,5,2,1
18178,4,2,2
18179,5,2,2
18180,5,3,2
18181,5,1,1
18183,3,1,1
18184,5,1,1
18185,3,1,1
18188,5,2,2
18189,5,2,2
18190,3,1,1
18191,2,1,1
18192,5,1,2
18193,4,1,1
18194,5,1,1
18196,4,3,2
18198,5,3,3
18200,4,1,1
18202,3,2,2
18203,4,1,1
18204,5,4,4
18205,5,1,1
18209,5,1,1
18210,5,3,3
18211,5,1,1
18212,2,1,1
18213,3,1,1
18215,4,1,1
18216,5,1,1
18217,5,1,1
18218,3,1,1
18219,5,2,3
18220,3,1,1
18221,5,2,2
18222,4,1,1
18223,5,5,5
18224,2,1,1
18225,5,5,5
18226,5,5,4
18227,3,1,1
18228,5,1,1
18229,5,3,5
18230,5,2,2
18231,3,3,3
18232,5,1,1
18233,2,1,1
18235,5,2,2
18236,5,1,1
18237,5,2,2
18239,3,2,2
18240,5,1,1
18241,5,2,3
18242,5,2,2
18245,5,4,3
18246,5,1,1
18248,4,1,2
18249,5,1,1
18250,2,1,1
18251,4,1,1
18252,5,2,2
18255,4,1,1
18256,1,1,1
18257,5,3,3
18259,5,1,1
18260,3,3,4
18261,5,1,1
18262,4,1,1
18263,5,2,1
18265,5,1,2
18268,4,1,1
18269,1,1,1
18270,5,1,1
18272,5,3,3
18273,5,1,1
18274,5,1,1
18276,5,1,1
18277,5,1,1
18278,5,1,1
18280,2,1,1
18281,3,1,1
18282,5,1,1
18283,5,5,5
18287,5,2,1
